wavelength,CIE 1924 - V(lbd) ,CIE 1951 - V'(lbd),CIE 1931 - x2,CIE 1931 - y2,CIE 1931 - z2,CIE 1964 - x10,CIE 1964 - y10,CIE 1964 - z10
360,3.92E-06,0.00E+00,1.30E-04,3.92E-06,6.06E-04,1.22E-07,1.34E-08,5.35E-07
361,4.39E-06,0.00E+00,1.46E-04,4.39E-06,6.81E-04,1.85E-07,2.03E-08,8.11E-07
362,4.93E-06,0.00E+00,1.64E-04,4.93E-06,7.65E-04,2.79E-07,3.06E-08,1.22E-06
363,5.53E-06,0.00E+00,1.84E-04,5.53E-06,8.60E-04,4.17E-07,4.57E-08,1.83E-06
364,6.21E-06,0.00E+00,2.07E-04,6.21E-06,9.67E-04,6.21E-07,6.81E-08,2.72E-06
365,6.97E-06,0.00E+00,2.32E-04,6.97E-06,1.09E-03,9.19E-07,1.01E-07,4.03E-06
366,7.81E-06,0.00E+00,2.61E-04,7.81E-06,1.22E-03,1.35E-06,1.48E-07,5.93E-06
367,8.77E-06,0.00E+00,2.93E-04,8.77E-06,1.37E-03,1.98E-06,2.16E-07,8.67E-06
368,9.84E-06,0.00E+00,3.29E-04,9.84E-06,1.54E-03,2.87E-06,3.14E-07,1.26E-05
369,1.10E-05,0.00E+00,3.70E-04,1.10E-05,1.73E-03,4.15E-06,4.54E-07,1.82E-05
370,1.24E-05,0.00E+00,4.15E-04,1.24E-05,1.95E-03,5.96E-06,6.51E-07,2.61E-05
371,1.39E-05,0.00E+00,4.64E-04,1.39E-05,2.18E-03,8.51E-06,9.29E-07,3.73E-05
372,1.56E-05,0.00E+00,5.19E-04,1.56E-05,2.44E-03,1.21E-05,1.32E-06,5.30E-05
373,1.74E-05,0.00E+00,5.82E-04,1.74E-05,2.73E-03,1.70E-05,1.86E-06,7.48E-05
374,1.96E-05,0.00E+00,6.55E-04,1.96E-05,3.08E-03,2.39E-05,2.60E-06,1.05E-04
375,2.20E-05,0.00E+00,7.42E-04,2.20E-05,3.49E-03,3.33E-05,3.63E-06,1.46E-04
376,2.48E-05,0.00E+00,8.45E-04,2.48E-05,3.98E-03,4.61E-05,5.02E-06,2.03E-04
377,2.80E-05,0.00E+00,9.65E-04,2.80E-05,4.54E-03,6.35E-05,6.91E-06,2.79E-04
378,3.15E-05,0.00E+00,1.09E-03,3.15E-05,5.16E-03,8.69E-05,9.45E-06,3.82E-04
379,3.52E-05,0.00E+00,1.23E-03,3.52E-05,5.80E-03,1.18E-04,1.28E-05,5.21E-04
380,3.90E-05,5.89E-04,1.37E-03,3.90E-05,6.45E-03,1.60E-04,1.74E-05,7.05E-04
381,4.28E-05,6.65E-04,1.50E-03,4.28E-05,7.08E-03,2.15E-04,2.33E-05,9.48E-04
382,4.69E-05,7.52E-04,1.64E-03,4.69E-05,7.75E-03,2.87E-04,3.12E-05,1.27E-03
383,5.16E-05,8.54E-04,1.80E-03,5.16E-05,8.50E-03,3.82E-04,4.14E-05,1.69E-03
384,5.72E-05,9.72E-04,2.00E-03,5.72E-05,9.41E-03,5.05E-04,5.46E-05,2.23E-03
385,6.40E-05,1.11E-03,2.24E-03,6.40E-05,1.05E-02,6.62E-04,7.16E-05,2.93E-03
386,7.23E-05,1.27E-03,2.54E-03,7.23E-05,1.20E-02,8.65E-04,9.33E-05,3.82E-03
387,8.22E-05,1.45E-03,2.89E-03,8.22E-05,1.37E-02,1.12E-03,1.21E-04,4.96E-03
388,9.35E-05,1.67E-03,3.30E-03,9.35E-05,1.56E-02,1.45E-03,1.56E-04,6.41E-03
389,1.06E-04,1.92E-03,3.75E-03,1.06E-04,1.77E-02,1.85E-03,1.99E-04,8.22E-03
390,1.20E-04,2.21E-03,4.24E-03,1.20E-04,2.01E-02,2.36E-03,2.53E-04,1.05E-02
391,1.35E-04,2.55E-03,4.76E-03,1.35E-04,2.25E-02,2.99E-03,3.20E-04,1.33E-02
392,1.51E-04,2.94E-03,5.33E-03,1.51E-04,2.52E-02,3.76E-03,4.02E-04,1.67E-02
393,1.70E-04,3.39E-03,5.98E-03,1.70E-04,2.83E-02,4.71E-03,5.02E-04,2.10E-02
394,1.92E-04,3.92E-03,6.74E-03,1.92E-04,3.19E-02,5.86E-03,6.23E-04,2.61E-02
395,2.17E-04,4.53E-03,7.65E-03,2.17E-04,3.62E-02,7.24E-03,7.69E-04,3.23E-02
396,2.47E-04,5.24E-03,8.75E-03,2.47E-04,4.14E-02,8.90E-03,9.42E-04,3.98E-02
397,2.81E-04,6.05E-03,1.00E-02,2.81E-04,4.75E-02,1.09E-02,1.15E-03,4.87E-02
398,3.19E-04,6.98E-03,1.14E-02,3.19E-04,5.41E-02,1.32E-02,1.39E-03,5.92E-02
399,3.57E-04,8.06E-03,1.29E-02,3.57E-04,6.10E-02,1.59E-02,1.67E-03,7.16E-02
400,3.96E-04,9.29E-03,1.43E-02,3.96E-04,6.79E-02,1.91E-02,2.00E-03,8.60E-02
401,4.34E-04,1.07E-02,1.57E-02,4.34E-04,7.45E-02,2.28E-02,2.39E-03,1.03E-01
402,4.73E-04,1.23E-02,1.71E-02,4.73E-04,8.14E-02,2.70E-02,2.82E-03,1.22E-01
403,5.18E-04,1.41E-02,1.88E-02,5.18E-04,8.92E-02,3.18E-02,3.32E-03,1.44E-01
404,5.72E-04,1.62E-02,2.07E-02,5.72E-04,9.85E-02,3.73E-02,3.88E-03,1.69E-01
405,6.40E-04,1.85E-02,2.32E-02,6.40E-04,1.10E-01,4.34E-02,4.51E-03,1.97E-01
406,7.25E-04,2.11E-02,2.62E-02,7.25E-04,1.25E-01,5.02E-02,5.21E-03,2.29E-01
407,8.26E-04,2.41E-02,2.98E-02,8.26E-04,1.42E-01,5.78E-02,5.99E-03,2.63E-01
408,9.41E-04,2.73E-02,3.39E-02,9.41E-04,1.61E-01,6.60E-02,6.83E-03,3.02E-01
409,1.07E-03,3.09E-02,3.85E-02,1.07E-03,1.83E-01,7.50E-02,7.76E-03,3.44E-01
410,1.21E-03,3.48E-02,4.35E-02,1.21E-03,2.07E-01,8.47E-02,8.76E-03,3.89E-01
411,1.36E-03,3.92E-02,4.90E-02,1.36E-03,2.34E-01,9.50E-02,9.82E-03,4.38E-01
412,1.53E-03,4.39E-02,5.50E-02,1.53E-03,2.63E-01,1.06E-01,1.09E-02,4.89E-01
413,1.72E-03,4.90E-02,6.17E-02,1.72E-03,2.95E-01,1.17E-01,1.21E-02,5.43E-01
414,1.94E-03,5.45E-02,6.92E-02,1.94E-03,3.31E-01,1.29E-01,1.32E-02,5.99E-01
415,2.18E-03,6.04E-02,7.76E-02,2.18E-03,3.71E-01,1.41E-01,1.45E-02,6.57E-01
416,2.45E-03,6.68E-02,8.70E-02,2.45E-03,4.16E-01,1.53E-01,1.57E-02,7.17E-01
417,2.76E-03,7.36E-02,9.72E-02,2.76E-03,4.65E-01,1.65E-01,1.70E-02,7.78E-01
418,3.12E-03,8.08E-02,1.08E-01,3.12E-03,5.20E-01,1.78E-01,1.84E-02,8.41E-01
419,3.53E-03,8.85E-02,1.21E-01,3.53E-03,5.80E-01,1.91E-01,1.98E-02,9.06E-01
420,4.00E-03,9.66E-02,1.34E-01,4.00E-03,6.46E-01,2.04E-01,2.14E-02,9.73E-01
421,4.55E-03,1.05E-01,1.49E-01,4.55E-03,7.18E-01,2.18E-01,2.30E-02,1.04E+00
422,5.16E-03,1.14E-01,1.65E-01,5.16E-03,7.97E-01,2.30E-01,2.46E-02,1.10E+00
423,5.83E-03,1.24E-01,1.82E-01,5.83E-03,8.78E-01,2.42E-01,2.62E-02,1.17E+00
424,6.55E-03,1.33E-01,1.99E-01,6.55E-03,9.59E-01,2.54E-01,2.78E-02,1.22E+00
425,7.30E-03,1.44E-01,2.15E-01,7.30E-03,1.04E+00,2.65E-01,2.95E-02,1.28E+00
426,8.09E-03,1.54E-01,2.30E-01,8.09E-03,1.12E+00,2.75E-01,3.12E-02,1.34E+00
427,8.91E-03,1.65E-01,2.45E-01,8.91E-03,1.19E+00,2.85E-01,3.29E-02,1.39E+00
428,9.77E-03,1.76E-01,2.59E-01,9.77E-03,1.26E+00,2.95E-01,3.47E-02,1.45E+00
429,1.07E-02,1.88E-01,2.72E-01,1.07E-02,1.32E+00,3.05E-01,3.67E-02,1.50E+00
430,1.16E-02,2.00E-01,2.84E-01,1.16E-02,1.39E+00,3.15E-01,3.87E-02,1.55E+00
431,1.26E-02,2.12E-01,2.95E-01,1.26E-02,1.44E+00,3.24E-01,4.08E-02,1.61E+00
432,1.36E-02,2.24E-01,3.05E-01,1.36E-02,1.49E+00,3.34E-01,4.29E-02,1.66E+00
433,1.46E-02,2.37E-01,3.14E-01,1.46E-02,1.54E+00,3.42E-01,4.51E-02,1.71E+00
434,1.57E-02,2.50E-01,3.22E-01,1.57E-02,1.58E+00,3.50E-01,4.73E-02,1.75E+00
435,1.68E-02,2.63E-01,3.29E-01,1.68E-02,1.62E+00,3.58E-01,4.96E-02,1.80E+00
436,1.80E-02,2.76E-01,3.34E-01,1.80E-02,1.66E+00,3.64E-01,5.19E-02,1.84E+00
437,1.92E-02,2.89E-01,3.39E-01,1.92E-02,1.69E+00,3.70E-01,5.43E-02,1.88E+00
438,2.05E-02,3.02E-01,3.43E-01,2.05E-02,1.71E+00,3.76E-01,5.68E-02,1.91E+00
439,2.17E-02,3.15E-01,3.46E-01,2.17E-02,1.73E+00,3.80E-01,5.94E-02,1.94E+00
440,2.30E-02,3.28E-01,3.48E-01,2.30E-02,1.75E+00,3.84E-01,6.21E-02,1.97E+00
441,2.43E-02,3.41E-01,3.50E-01,2.43E-02,1.76E+00,3.86E-01,6.47E-02,1.99E+00
442,2.56E-02,3.54E-01,3.50E-01,2.56E-02,1.77E+00,3.88E-01,6.73E-02,2.01E+00
443,2.70E-02,3.67E-01,3.50E-01,2.70E-02,1.78E+00,3.88E-01,6.98E-02,2.02E+00
444,2.84E-02,3.80E-01,3.49E-01,2.84E-02,1.78E+00,3.88E-01,7.22E-02,2.02E+00
445,2.98E-02,3.93E-01,3.48E-01,2.98E-02,1.78E+00,3.87E-01,7.47E-02,2.03E+00
446,3.13E-02,4.06E-01,3.46E-01,3.13E-02,1.78E+00,3.85E-01,7.73E-02,2.03E+00
447,3.29E-02,4.18E-01,3.44E-01,3.29E-02,1.78E+00,3.82E-01,8.00E-02,2.02E+00
448,3.45E-02,4.31E-01,3.42E-01,3.45E-02,1.78E+00,3.79E-01,8.29E-02,2.02E+00
449,3.62E-02,4.43E-01,3.39E-01,3.62E-02,1.78E+00,3.75E-01,8.60E-02,2.01E+00
450,3.80E-02,4.55E-01,3.36E-01,3.80E-02,1.77E+00,3.71E-01,8.95E-02,1.99E+00
451,3.98E-02,4.67E-01,3.33E-01,3.98E-02,1.77E+00,3.66E-01,9.29E-02,1.98E+00
452,4.18E-02,4.79E-01,3.30E-01,4.18E-02,1.76E+00,3.61E-01,9.63E-02,1.97E+00
453,4.38E-02,4.90E-01,3.27E-01,4.38E-02,1.76E+00,3.56E-01,9.95E-02,1.95E+00
454,4.58E-02,5.02E-01,3.23E-01,4.58E-02,1.75E+00,3.49E-01,1.03E-01,1.92E+00
455,4.80E-02,5.13E-01,3.19E-01,4.80E-02,1.74E+00,3.43E-01,1.06E-01,1.90E+00
456,5.02E-02,5.24E-01,3.14E-01,5.02E-02,1.73E+00,3.36E-01,1.10E-01,1.87E+00
457,5.26E-02,5.35E-01,3.09E-01,5.26E-02,1.72E+00,3.28E-01,1.14E-01,1.85E+00
458,5.50E-02,5.46E-01,3.03E-01,5.50E-02,1.71E+00,3.20E-01,1.18E-01,1.81E+00
459,5.75E-02,5.57E-01,2.97E-01,5.75E-02,1.69E+00,3.11E-01,1.23E-01,1.78E+00
460,6.00E-02,5.67E-01,2.91E-01,6.00E-02,1.67E+00,3.02E-01,1.28E-01,1.75E+00
461,6.26E-02,5.78E-01,2.84E-01,6.26E-02,1.65E+00,2.93E-01,1.33E-01,1.71E+00
462,6.53E-02,5.88E-01,2.77E-01,6.53E-02,1.62E+00,2.84E-01,1.38E-01,1.67E+00
463,6.80E-02,5.99E-01,2.69E-01,6.80E-02,1.60E+00,2.74E-01,1.43E-01,1.63E+00
464,7.09E-02,6.10E-01,2.60E-01,7.09E-02,1.56E+00,2.64E-01,1.48E-01,1.60E+00
465,7.39E-02,6.20E-01,2.51E-01,7.39E-02,1.53E+00,2.54E-01,1.53E-01,1.55E+00
466,7.70E-02,6.31E-01,2.41E-01,7.70E-02,1.49E+00,2.43E-01,1.58E-01,1.51E+00
467,8.03E-02,6.42E-01,2.30E-01,8.03E-02,1.44E+00,2.32E-01,1.64E-01,1.47E+00
468,8.37E-02,6.53E-01,2.18E-01,8.37E-02,1.39E+00,2.20E-01,1.70E-01,1.42E+00
469,8.72E-02,6.64E-01,2.07E-01,8.72E-02,1.34E+00,2.08E-01,1.77E-01,1.37E+00
470,9.10E-02,6.76E-01,1.95E-01,9.10E-02,1.29E+00,1.96E-01,1.85E-01,1.32E+00
471,9.49E-02,6.87E-01,1.84E-01,9.49E-02,1.24E+00,1.83E-01,1.93E-01,1.26E+00
472,9.90E-02,6.99E-01,1.73E-01,9.90E-02,1.19E+00,1.70E-01,2.00E-01,1.21E+00
473,1.03E-01,7.10E-01,1.63E-01,1.03E-01,1.14E+00,1.57E-01,2.07E-01,1.15E+00
474,1.08E-01,7.22E-01,1.52E-01,1.08E-01,1.09E+00,1.45E-01,2.14E-01,1.09E+00
475,1.13E-01,7.34E-01,1.42E-01,1.13E-01,1.04E+00,1.32E-01,2.20E-01,1.03E+00
476,1.18E-01,7.45E-01,1.32E-01,1.18E-01,9.94E-01,1.21E-01,2.26E-01,9.74E-01
477,1.23E-01,7.57E-01,1.23E-01,1.23E-01,9.47E-01,1.09E-01,2.32E-01,9.19E-01
478,1.28E-01,7.69E-01,1.13E-01,1.28E-01,9.01E-01,9.90E-02,2.39E-01,8.67E-01
479,1.33E-01,7.81E-01,1.04E-01,1.33E-01,8.57E-01,8.94E-02,2.46E-01,8.18E-01
480,1.39E-01,7.93E-01,9.56E-02,1.39E-01,8.13E-01,8.05E-02,2.54E-01,7.72E-01
481,1.45E-01,8.05E-01,8.73E-02,1.45E-01,7.71E-01,7.20E-02,2.62E-01,7.28E-01
482,1.50E-01,8.17E-01,7.93E-02,1.50E-01,7.29E-01,6.37E-02,2.71E-01,6.86E-01
483,1.56E-01,8.28E-01,7.17E-02,1.56E-01,6.90E-01,5.57E-02,2.80E-01,6.46E-01
484,1.63E-01,8.40E-01,6.46E-02,1.63E-01,6.52E-01,4.81E-02,2.89E-01,6.07E-01
485,1.69E-01,8.51E-01,5.80E-02,1.69E-01,6.16E-01,4.11E-02,2.98E-01,5.70E-01
486,1.76E-01,8.62E-01,5.19E-02,1.76E-01,5.82E-01,3.46E-02,3.06E-01,5.35E-01
487,1.84E-01,8.73E-01,4.63E-02,1.84E-01,5.50E-01,2.89E-02,3.15E-01,5.02E-01
488,1.91E-01,8.84E-01,4.12E-02,1.91E-01,5.20E-01,2.39E-02,3.23E-01,4.71E-01
489,1.99E-01,8.94E-01,3.64E-02,1.99E-01,4.92E-01,1.96E-02,3.31E-01,4.42E-01
490,2.08E-01,9.04E-01,3.20E-02,2.08E-01,4.65E-01,1.62E-02,3.39E-01,4.15E-01
491,2.17E-01,9.14E-01,2.79E-02,2.17E-01,4.40E-01,1.33E-02,3.48E-01,3.90E-01
492,2.27E-01,9.23E-01,2.41E-02,2.27E-01,4.16E-01,1.08E-02,3.58E-01,3.66E-01
493,2.37E-01,9.32E-01,2.07E-02,2.37E-01,3.94E-01,8.54E-03,3.70E-01,3.44E-01
494,2.47E-01,9.41E-01,1.75E-02,2.47E-01,3.73E-01,6.66E-03,3.82E-01,3.23E-01
495,2.59E-01,9.49E-01,1.47E-02,2.59E-01,3.53E-01,5.13E-03,3.95E-01,3.02E-01
496,2.70E-01,9.57E-01,1.22E-02,2.70E-01,3.35E-01,3.98E-03,4.08E-01,2.83E-01
497,2.82E-01,9.64E-01,9.92E-03,2.82E-01,3.18E-01,3.24E-03,4.22E-01,2.65E-01
498,2.95E-01,9.70E-01,7.97E-03,2.95E-01,3.01E-01,2.93E-03,4.35E-01,2.48E-01
499,3.09E-01,9.76E-01,6.30E-03,3.09E-01,2.86E-01,3.11E-03,4.48E-01,2.32E-01
500,3.23E-01,9.82E-01,4.90E-03,3.23E-01,2.72E-01,3.82E-03,4.61E-01,2.19E-01
501,3.38E-01,9.86E-01,3.78E-03,3.38E-01,2.59E-01,5.10E-03,4.74E-01,2.06E-01
502,3.55E-01,9.90E-01,2.95E-03,3.55E-01,2.46E-01,6.94E-03,4.88E-01,1.94E-01
503,3.72E-01,9.94E-01,2.42E-03,3.72E-01,2.35E-01,9.30E-03,5.02E-01,1.82E-01
504,3.89E-01,9.97E-01,2.24E-03,3.89E-01,2.23E-01,1.21E-02,5.17E-01,1.70E-01
505,4.07E-01,9.98E-01,2.40E-03,4.07E-01,2.12E-01,1.54E-02,5.31E-01,1.59E-01
506,4.26E-01,1.00E+00,2.93E-03,4.26E-01,2.01E-01,1.92E-02,5.46E-01,1.49E-01
507,4.44E-01,1.00E+00,3.84E-03,4.44E-01,1.90E-01,2.33E-02,5.61E-01,1.39E-01
508,4.63E-01,1.00E+00,5.17E-03,4.63E-01,1.79E-01,2.77E-02,5.76E-01,1.29E-01
509,4.83E-01,9.98E-01,6.98E-03,4.83E-01,1.69E-01,3.24E-02,5.92E-01,1.20E-01
510,5.03E-01,9.97E-01,9.30E-03,5.03E-01,1.58E-01,3.75E-02,6.07E-01,1.12E-01
511,5.24E-01,9.94E-01,1.21E-02,5.24E-01,1.48E-01,4.30E-02,6.22E-01,1.05E-01
512,5.45E-01,9.90E-01,1.55E-02,5.45E-01,1.38E-01,4.91E-02,6.38E-01,9.82E-02
513,5.66E-01,9.86E-01,1.95E-02,5.66E-01,1.29E-01,5.59E-02,6.54E-01,9.24E-02
514,5.87E-01,9.81E-01,2.40E-02,5.87E-01,1.20E-01,6.33E-02,6.70E-01,8.71E-02
515,6.08E-01,9.75E-01,2.91E-02,6.08E-01,1.12E-01,7.14E-02,6.86E-01,8.22E-02
516,6.29E-01,9.68E-01,3.48E-02,6.29E-01,1.04E-01,7.99E-02,7.02E-01,7.77E-02
517,6.50E-01,9.61E-01,4.11E-02,6.50E-01,9.67E-02,8.89E-02,7.17E-01,7.35E-02
518,6.71E-01,9.53E-01,4.80E-02,6.71E-01,9.00E-02,9.83E-02,7.33E-01,6.93E-02
519,6.91E-01,9.44E-01,5.54E-02,6.91E-01,8.38E-02,1.08E-01,7.47E-01,6.51E-02
520,7.10E-01,9.35E-01,6.33E-02,7.10E-01,7.82E-02,1.18E-01,7.62E-01,6.07E-02
521,7.28E-01,9.25E-01,7.16E-02,7.28E-01,7.32E-02,1.28E-01,7.75E-01,5.65E-02
522,7.45E-01,9.15E-01,8.05E-02,7.45E-01,6.87E-02,1.38E-01,7.88E-01,5.26E-02
523,7.62E-01,9.04E-01,8.97E-02,7.62E-01,6.46E-02,1.50E-01,8.00E-01,4.91E-02
524,7.78E-01,8.92E-01,9.95E-02,7.78E-01,6.08E-02,1.61E-01,8.12E-01,4.60E-02
525,7.93E-01,8.80E-01,1.10E-01,7.93E-01,5.73E-02,1.73E-01,8.23E-01,4.31E-02
526,8.08E-01,8.67E-01,1.20E-01,8.08E-01,5.39E-02,1.85E-01,8.34E-01,4.04E-02
527,8.22E-01,8.54E-01,1.31E-01,8.22E-01,5.07E-02,1.98E-01,8.45E-01,3.78E-02
528,8.36E-01,8.40E-01,1.42E-01,8.36E-01,4.78E-02,2.11E-01,8.55E-01,3.54E-02
529,8.49E-01,8.26E-01,1.54E-01,8.49E-01,4.49E-02,2.23E-01,8.65E-01,3.29E-02
530,8.62E-01,8.11E-01,1.66E-01,8.62E-01,4.22E-02,2.36E-01,8.75E-01,3.05E-02
531,8.74E-01,7.96E-01,1.77E-01,8.74E-01,3.95E-02,2.50E-01,8.85E-01,2.80E-02
532,8.85E-01,7.81E-01,1.89E-01,8.85E-01,3.69E-02,2.63E-01,8.95E-01,2.59E-02
533,8.95E-01,7.65E-01,2.01E-01,8.95E-01,3.45E-02,2.77E-01,9.05E-01,2.39E-02
534,9.05E-01,7.49E-01,2.13E-01,9.05E-01,3.21E-02,2.90E-01,9.15E-01,2.22E-02
535,9.15E-01,7.33E-01,2.26E-01,9.15E-01,2.98E-02,3.04E-01,9.24E-01,2.06E-02
536,9.24E-01,7.17E-01,2.38E-01,9.24E-01,2.77E-02,3.18E-01,9.33E-01,1.91E-02
537,9.32E-01,7.00E-01,2.51E-01,9.32E-01,2.57E-02,3.33E-01,9.41E-01,1.77E-02
538,9.40E-01,6.83E-01,2.64E-01,9.40E-01,2.38E-02,3.47E-01,9.49E-01,1.64E-02
539,9.47E-01,6.67E-01,2.77E-01,9.47E-01,2.20E-02,3.62E-01,9.56E-01,1.51E-02
540,9.54E-01,6.50E-01,2.90E-01,9.54E-01,2.03E-02,3.77E-01,9.62E-01,1.37E-02
541,9.60E-01,6.33E-01,3.04E-01,9.60E-01,1.87E-02,3.92E-01,9.68E-01,1.23E-02
542,9.66E-01,6.16E-01,3.18E-01,9.66E-01,1.72E-02,4.07E-01,9.72E-01,1.11E-02
543,9.71E-01,5.99E-01,3.31E-01,9.71E-01,1.59E-02,4.22E-01,9.76E-01,9.92E-03
544,9.76E-01,5.81E-01,3.45E-01,9.76E-01,1.46E-02,4.37E-01,9.79E-01,8.87E-03
545,9.80E-01,5.64E-01,3.60E-01,9.80E-01,1.34E-02,4.52E-01,9.82E-01,7.92E-03
546,9.84E-01,5.48E-01,3.74E-01,9.84E-01,1.23E-02,4.67E-01,9.85E-01,7.03E-03
547,9.87E-01,5.31E-01,3.89E-01,9.87E-01,1.13E-02,4.82E-01,9.87E-01,6.22E-03
548,9.90E-01,5.14E-01,4.03E-01,9.90E-01,1.04E-02,4.98E-01,9.88E-01,5.45E-03
549,9.93E-01,4.97E-01,4.18E-01,9.93E-01,9.53E-03,5.14E-01,9.90E-01,4.71E-03
550,9.95E-01,4.81E-01,4.33E-01,9.95E-01,8.75E-03,5.30E-01,9.92E-01,3.99E-03
551,9.97E-01,4.65E-01,4.49E-01,9.97E-01,8.04E-03,5.46E-01,9.94E-01,3.29E-03
552,9.98E-01,4.48E-01,4.64E-01,9.98E-01,7.38E-03,5.63E-01,9.95E-01,2.65E-03
553,9.99E-01,4.33E-01,4.80E-01,9.99E-01,6.79E-03,5.81E-01,9.97E-01,2.06E-03
554,1.00E+00,4.17E-01,4.96E-01,1.00E+00,6.24E-03,5.98E-01,9.98E-01,1.53E-03
555,1.00E+00,4.02E-01,5.12E-01,1.00E+00,5.75E-03,6.16E-01,9.99E-01,1.09E-03
556,1.00E+00,3.86E-01,5.28E-01,1.00E+00,5.30E-03,6.34E-01,1.00E+00,7.11E-04
557,9.99E-01,3.72E-01,5.45E-01,9.99E-01,4.90E-03,6.52E-01,1.00E+00,4.07E-04
558,9.98E-01,3.57E-01,5.61E-01,9.98E-01,4.53E-03,6.70E-01,1.00E+00,1.84E-04
559,9.97E-01,3.43E-01,5.78E-01,9.97E-01,4.20E-03,6.88E-01,9.99E-01,4.70E-05
560,9.95E-01,3.29E-01,5.95E-01,9.95E-01,3.90E-03,7.05E-01,9.97E-01,0.00E+00
561,9.93E-01,3.15E-01,6.11E-01,9.93E-01,3.62E-03,7.23E-01,9.95E-01,0.00E+00
562,9.90E-01,3.02E-01,6.28E-01,9.90E-01,3.37E-03,7.40E-01,9.93E-01,0.00E+00
563,9.86E-01,2.89E-01,6.45E-01,9.86E-01,3.14E-03,7.58E-01,9.90E-01,0.00E+00
564,9.83E-01,2.76E-01,6.62E-01,9.83E-01,2.93E-03,7.76E-01,9.86E-01,0.00E+00
565,9.79E-01,2.64E-01,6.78E-01,9.79E-01,2.75E-03,7.94E-01,9.82E-01,0.00E+00
566,9.74E-01,2.52E-01,6.95E-01,9.74E-01,2.59E-03,8.11E-01,9.78E-01,0.00E+00
567,9.69E-01,2.40E-01,7.12E-01,9.69E-01,2.44E-03,8.29E-01,9.73E-01,0.00E+00
568,9.64E-01,2.29E-01,7.29E-01,9.64E-01,2.31E-03,8.46E-01,9.68E-01,0.00E+00
569,9.58E-01,2.18E-01,7.46E-01,9.58E-01,2.20E-03,8.63E-01,9.62E-01,0.00E+00
570,9.52E-01,2.08E-01,7.62E-01,9.52E-01,2.10E-03,8.79E-01,9.56E-01,0.00E+00
571,9.45E-01,1.97E-01,7.79E-01,9.45E-01,2.02E-03,8.94E-01,9.49E-01,0.00E+00
572,9.38E-01,1.88E-01,7.95E-01,9.38E-01,1.95E-03,9.09E-01,9.41E-01,0.00E+00
573,9.31E-01,1.78E-01,8.11E-01,9.31E-01,1.89E-03,9.24E-01,9.33E-01,0.00E+00
574,9.23E-01,1.69E-01,8.27E-01,9.23E-01,1.84E-03,9.38E-01,9.24E-01,0.00E+00
575,9.15E-01,1.60E-01,8.43E-01,9.15E-01,1.80E-03,9.51E-01,9.15E-01,0.00E+00
576,9.07E-01,1.52E-01,8.58E-01,9.07E-01,1.77E-03,9.64E-01,9.06E-01,0.00E+00
577,8.98E-01,1.44E-01,8.73E-01,8.98E-01,1.74E-03,9.77E-01,8.97E-01,0.00E+00
578,8.89E-01,1.36E-01,8.88E-01,8.89E-01,1.71E-03,9.90E-01,8.87E-01,0.00E+00
579,8.80E-01,1.28E-01,9.02E-01,8.80E-01,1.68E-03,1.00E+00,8.78E-01,0.00E+00
580,8.70E-01,1.21E-01,9.16E-01,8.70E-01,1.65E-03,1.01E+00,8.69E-01,0.00E+00
581,8.60E-01,1.14E-01,9.30E-01,8.60E-01,1.61E-03,1.03E+00,8.60E-01,0.00E+00
582,8.49E-01,1.08E-01,9.43E-01,8.49E-01,1.56E-03,1.04E+00,8.52E-01,0.00E+00
583,8.39E-01,1.02E-01,9.55E-01,8.39E-01,1.51E-03,1.05E+00,8.43E-01,0.00E+00
584,8.28E-01,9.56E-02,9.67E-01,8.28E-01,1.46E-03,1.06E+00,8.34E-01,0.00E+00
585,8.16E-01,8.99E-02,9.79E-01,8.16E-01,1.40E-03,1.07E+00,8.26E-01,0.00E+00
586,8.05E-01,8.45E-02,9.89E-01,8.05E-01,1.34E-03,1.09E+00,8.17E-01,0.00E+00
587,7.93E-01,7.93E-02,1.00E+00,7.93E-01,1.27E-03,1.10E+00,8.08E-01,0.00E+00
588,7.81E-01,7.45E-02,1.01E+00,7.81E-01,1.21E-03,1.10E+00,7.98E-01,0.00E+00
589,7.69E-01,6.99E-02,1.02E+00,7.69E-01,1.15E-03,1.11E+00,7.88E-01,0.00E+00
590,7.57E-01,6.55E-02,1.03E+00,7.57E-01,1.10E-03,1.12E+00,7.77E-01,0.00E+00
591,7.45E-01,6.13E-02,1.03E+00,7.45E-01,1.07E-03,1.12E+00,7.66E-01,0.00E+00
592,7.32E-01,5.74E-02,1.04E+00,7.32E-01,1.05E-03,1.13E+00,7.55E-01,0.00E+00
593,7.20E-01,5.37E-02,1.05E+00,7.20E-01,1.04E-03,1.13E+00,7.44E-01,0.00E+00
594,7.07E-01,5.02E-02,1.05E+00,7.07E-01,1.02E-03,1.13E+00,7.32E-01,0.00E+00
595,6.95E-01,4.69E-02,1.06E+00,6.95E-01,1.00E-03,1.13E+00,7.20E-01,0.00E+00
596,6.82E-01,4.38E-02,1.06E+00,6.82E-01,9.69E-04,1.13E+00,7.08E-01,0.00E+00
597,6.69E-01,4.09E-02,1.06E+00,6.69E-01,9.30E-04,1.13E+00,6.96E-01,0.00E+00
598,6.57E-01,3.82E-02,1.06E+00,6.57E-01,8.87E-04,1.13E+00,6.84E-01,0.00E+00
599,6.44E-01,3.56E-02,1.06E+00,6.44E-01,8.43E-04,1.13E+00,6.71E-01,0.00E+00
600,6.31E-01,3.32E-02,1.06E+00,6.31E-01,8.00E-04,1.12E+00,6.58E-01,0.00E+00
601,6.18E-01,3.09E-02,1.06E+00,6.18E-01,7.61E-04,1.12E+00,6.46E-01,0.00E+00
602,6.05E-01,2.87E-02,1.06E+00,6.05E-01,7.24E-04,1.11E+00,6.33E-01,0.00E+00
603,5.92E-01,2.67E-02,1.06E+00,5.92E-01,6.86E-04,1.11E+00,6.20E-01,0.00E+00
604,5.80E-01,2.49E-02,1.05E+00,5.80E-01,6.45E-04,1.10E+00,6.07E-01,0.00E+00
605,5.67E-01,2.31E-02,1.05E+00,5.67E-01,6.00E-04,1.09E+00,5.94E-01,0.00E+00
606,5.54E-01,2.15E-02,1.04E+00,5.54E-01,5.48E-04,1.08E+00,5.81E-01,0.00E+00
607,5.41E-01,1.99E-02,1.03E+00,5.41E-01,4.92E-04,1.07E+00,5.68E-01,0.00E+00
608,5.28E-01,1.85E-02,1.02E+00,5.28E-01,4.35E-04,1.06E+00,5.54E-01,0.00E+00
609,5.16E-01,1.72E-02,1.01E+00,5.16E-01,3.83E-04,1.04E+00,5.41E-01,0.00E+00
610,5.03E-01,1.59E-02,1.00E+00,5.03E-01,3.40E-04,1.03E+00,5.28E-01,0.00E+00
611,4.90E-01,1.48E-02,9.91E-01,4.90E-01,3.07E-04,1.02E+00,5.15E-01,0.00E+00
612,4.78E-01,1.37E-02,9.79E-01,4.78E-01,2.83E-04,1.00E+00,5.01E-01,0.00E+00
613,4.66E-01,1.27E-02,9.66E-01,4.66E-01,2.65E-04,9.85E-01,4.88E-01,0.00E+00
614,4.53E-01,1.18E-02,9.53E-01,4.53E-01,2.52E-04,9.68E-01,4.75E-01,0.00E+00
615,4.41E-01,1.09E-02,9.38E-01,4.41E-01,2.40E-04,9.51E-01,4.62E-01,0.00E+00
616,4.29E-01,1.01E-02,9.23E-01,4.29E-01,2.30E-04,9.33E-01,4.49E-01,0.00E+00
617,4.17E-01,9.32E-03,9.07E-01,4.17E-01,2.21E-04,9.14E-01,4.36E-01,0.00E+00
618,4.05E-01,8.62E-03,8.91E-01,4.05E-01,2.12E-04,8.95E-01,4.23E-01,0.00E+00
619,3.93E-01,7.97E-03,8.73E-01,3.93E-01,2.02E-04,8.76E-01,4.11E-01,0.00E+00
620,3.81E-01,7.37E-03,8.54E-01,3.81E-01,1.90E-04,8.56E-01,3.98E-01,0.00E+00
621,3.69E-01,6.82E-03,8.35E-01,3.69E-01,1.74E-04,8.36E-01,3.86E-01,0.00E+00
622,3.57E-01,6.30E-03,8.15E-01,3.57E-01,1.56E-04,8.16E-01,3.74E-01,0.00E+00
623,3.45E-01,5.82E-03,7.94E-01,3.45E-01,1.36E-04,7.96E-01,3.62E-01,0.00E+00
624,3.33E-01,5.38E-03,7.73E-01,3.33E-01,1.17E-04,7.76E-01,3.51E-01,0.00E+00
625,3.21E-01,4.97E-03,7.51E-01,3.21E-01,1.00E-04,7.55E-01,3.40E-01,0.00E+00
626,3.09E-01,4.59E-03,7.30E-01,3.09E-01,8.61E-05,7.34E-01,3.28E-01,0.00E+00
627,2.98E-01,4.24E-03,7.08E-01,2.98E-01,7.46E-05,7.13E-01,3.17E-01,0.00E+00
628,2.87E-01,3.91E-03,6.86E-01,2.87E-01,6.50E-05,6.91E-01,3.06E-01,0.00E+00
629,2.76E-01,3.61E-03,6.64E-01,2.76E-01,5.69E-05,6.70E-01,2.95E-01,0.00E+00
630,2.65E-01,3.34E-03,6.42E-01,2.65E-01,5.00E-05,6.47E-01,2.83E-01,0.00E+00
631,2.55E-01,3.08E-03,6.22E-01,2.55E-01,4.42E-05,6.25E-01,2.72E-01,0.00E+00
632,2.45E-01,2.84E-03,6.01E-01,2.45E-01,3.95E-05,6.03E-01,2.61E-01,0.00E+00
633,2.35E-01,2.62E-03,5.81E-01,2.35E-01,3.57E-05,5.80E-01,2.50E-01,0.00E+00
634,2.26E-01,2.42E-03,5.61E-01,2.26E-01,3.26E-05,5.57E-01,2.39E-01,0.00E+00
635,2.17E-01,2.24E-03,5.42E-01,2.17E-01,3.00E-05,5.35E-01,2.28E-01,0.00E+00
636,2.08E-01,2.06E-03,5.23E-01,2.08E-01,2.77E-05,5.13E-01,2.18E-01,0.00E+00
637,2.00E-01,1.90E-03,5.04E-01,2.00E-01,2.56E-05,4.92E-01,2.08E-01,0.00E+00
638,1.91E-01,1.76E-03,4.85E-01,1.91E-01,2.36E-05,4.71E-01,1.98E-01,0.00E+00
639,1.83E-01,1.62E-03,4.66E-01,1.83E-01,2.18E-05,4.51E-01,1.89E-01,0.00E+00
640,1.75E-01,1.50E-03,4.48E-01,1.75E-01,2.00E-05,4.32E-01,1.80E-01,0.00E+00
641,1.67E-01,1.38E-03,4.30E-01,1.67E-01,1.81E-05,4.13E-01,1.71E-01,0.00E+00
642,1.60E-01,1.28E-03,4.12E-01,1.60E-01,1.62E-05,3.95E-01,1.63E-01,0.00E+00
643,1.52E-01,1.18E-03,3.95E-01,1.52E-01,1.42E-05,3.77E-01,1.55E-01,0.00E+00
644,1.45E-01,1.09E-03,3.78E-01,1.45E-01,1.21E-05,3.60E-01,1.48E-01,0.00E+00
645,1.38E-01,1.01E-03,3.61E-01,1.38E-01,1.00E-05,3.44E-01,1.40E-01,0.00E+00
646,1.32E-01,9.28E-04,3.44E-01,1.32E-01,7.73E-06,3.28E-01,1.33E-01,0.00E+00
647,1.25E-01,8.57E-04,3.29E-01,1.25E-01,5.40E-06,3.12E-01,1.26E-01,0.00E+00
648,1.19E-01,7.92E-04,3.13E-01,1.19E-01,3.20E-06,2.97E-01,1.20E-01,0.00E+00
649,1.13E-01,7.32E-04,2.98E-01,1.13E-01,1.33E-06,2.83E-01,1.14E-01,0.00E+00
650,1.07E-01,6.77E-04,2.84E-01,1.07E-01,0.00E+00,2.68E-01,1.08E-01,0.00E+00
651,1.01E-01,6.26E-04,2.70E-01,1.01E-01,0.00E+00,2.55E-01,1.02E-01,0.00E+00
652,9.62E-02,5.79E-04,2.56E-01,9.62E-02,0.00E+00,2.41E-01,9.63E-02,0.00E+00
653,9.11E-02,5.36E-04,2.43E-01,9.11E-02,0.00E+00,2.28E-01,9.11E-02,0.00E+00
654,8.63E-02,4.96E-04,2.31E-01,8.63E-02,0.00E+00,2.16E-01,8.60E-02,0.00E+00
655,8.16E-02,4.59E-04,2.19E-01,8.16E-02,0.00E+00,2.04E-01,8.12E-02,0.00E+00
656,7.71E-02,4.25E-04,2.07E-01,7.71E-02,0.00E+00,1.93E-01,7.66E-02,0.00E+00
657,7.28E-02,3.94E-04,1.96E-01,7.28E-02,0.00E+00,1.82E-01,7.22E-02,0.00E+00
658,6.87E-02,3.65E-04,1.85E-01,6.87E-02,0.00E+00,1.72E-01,6.80E-02,0.00E+00
659,6.48E-02,3.38E-04,1.75E-01,6.48E-02,0.00E+00,1.62E-01,6.41E-02,0.00E+00
660,6.10E-02,3.13E-04,1.65E-01,6.10E-02,0.00E+00,1.53E-01,6.03E-02,0.00E+00
661,5.74E-02,2.90E-04,1.55E-01,5.74E-02,0.00E+00,1.44E-01,5.67E-02,0.00E+00
662,5.40E-02,2.69E-04,1.46E-01,5.40E-02,0.00E+00,1.35E-01,5.33E-02,0.00E+00
663,5.07E-02,2.49E-04,1.37E-01,5.07E-02,0.00E+00,1.27E-01,5.01E-02,0.00E+00
664,4.75E-02,2.31E-04,1.29E-01,4.75E-02,0.00E+00,1.19E-01,4.70E-02,0.00E+00
665,4.46E-02,2.15E-04,1.21E-01,4.46E-02,0.00E+00,1.12E-01,4.41E-02,0.00E+00
666,4.18E-02,1.99E-04,1.14E-01,4.18E-02,0.00E+00,1.05E-01,4.13E-02,0.00E+00
667,3.91E-02,1.85E-04,1.06E-01,3.91E-02,0.00E+00,9.88E-02,3.88E-02,0.00E+00
668,3.66E-02,1.72E-04,9.97E-02,3.66E-02,0.00E+00,9.26E-02,3.63E-02,0.00E+00
669,3.42E-02,1.59E-04,9.33E-02,3.42E-02,0.00E+00,8.68E-02,3.40E-02,0.00E+00
670,3.20E-02,1.48E-04,8.74E-02,3.20E-02,0.00E+00,8.13E-02,3.18E-02,0.00E+00
671,3.00E-02,1.38E-04,8.19E-02,3.00E-02,0.00E+00,7.60E-02,2.97E-02,0.00E+00
672,2.81E-02,1.28E-04,7.68E-02,2.81E-02,0.00E+00,7.11E-02,2.78E-02,0.00E+00
673,2.63E-02,1.19E-04,7.21E-02,2.63E-02,0.00E+00,6.65E-02,2.60E-02,0.00E+00
674,2.47E-02,1.10E-04,6.77E-02,2.47E-02,0.00E+00,6.21E-02,2.42E-02,0.00E+00
675,2.32E-02,1.03E-04,6.36E-02,2.32E-02,0.00E+00,5.79E-02,2.26E-02,0.00E+00
676,2.18E-02,9.54E-05,5.98E-02,2.18E-02,0.00E+00,5.41E-02,2.11E-02,0.00E+00
677,2.05E-02,8.88E-05,5.63E-02,2.05E-02,0.00E+00,5.04E-02,1.97E-02,0.00E+00
678,1.93E-02,8.26E-05,5.30E-02,1.93E-02,0.00E+00,4.70E-02,1.83E-02,0.00E+00
679,1.81E-02,7.69E-05,4.98E-02,1.81E-02,0.00E+00,4.38E-02,1.71E-02,0.00E+00
680,1.70E-02,7.15E-05,4.68E-02,1.70E-02,0.00E+00,4.09E-02,1.59E-02,0.00E+00
681,1.59E-02,6.66E-05,4.38E-02,1.59E-02,0.00E+00,3.81E-02,1.48E-02,0.00E+00
682,1.48E-02,6.20E-05,4.09E-02,1.48E-02,0.00E+00,3.55E-02,1.38E-02,0.00E+00
683,1.38E-02,5.78E-05,3.81E-02,1.38E-02,0.00E+00,3.30E-02,1.28E-02,0.00E+00
684,1.28E-02,5.38E-05,3.54E-02,1.28E-02,0.00E+00,3.08E-02,1.20E-02,0.00E+00
685,1.19E-02,5.01E-05,3.29E-02,1.19E-02,0.00E+00,2.86E-02,1.11E-02,0.00E+00
686,1.11E-02,4.67E-05,3.06E-02,1.11E-02,0.00E+00,2.66E-02,1.04E-02,0.00E+00
687,1.03E-02,4.36E-05,2.84E-02,1.03E-02,0.00E+00,2.48E-02,9.63E-03,0.00E+00
688,9.53E-03,4.06E-05,2.63E-02,9.53E-03,0.00E+00,2.31E-02,8.96E-03,0.00E+00
689,8.85E-03,3.79E-05,2.45E-02,8.85E-03,0.00E+00,2.14E-02,8.33E-03,0.00E+00
690,8.21E-03,3.53E-05,2.27E-02,8.21E-03,0.00E+00,1.99E-02,7.75E-03,0.00E+00
691,7.62E-03,3.30E-05,2.11E-02,7.62E-03,0.00E+00,1.85E-02,7.20E-03,0.00E+00
692,7.09E-03,3.08E-05,1.96E-02,7.09E-03,0.00E+00,1.72E-02,6.70E-03,0.00E+00
693,6.59E-03,2.87E-05,1.82E-02,6.59E-03,0.00E+00,1.60E-02,6.23E-03,0.00E+00
694,6.14E-03,2.68E-05,1.70E-02,6.14E-03,0.00E+00,1.49E-02,5.79E-03,0.00E+00
695,5.72E-03,2.50E-05,1.58E-02,5.72E-03,0.00E+00,1.38E-02,5.38E-03,0.00E+00
696,5.34E-03,2.34E-05,1.48E-02,5.34E-03,0.00E+00,1.29E-02,4.99E-03,0.00E+00
697,5.00E-03,2.18E-05,1.38E-02,5.00E-03,0.00E+00,1.19E-02,4.64E-03,0.00E+00
698,4.68E-03,2.04E-05,1.29E-02,4.68E-03,0.00E+00,1.11E-02,4.31E-03,0.00E+00
699,4.38E-03,1.91E-05,1.21E-02,4.38E-03,0.00E+00,1.03E-02,4.00E-03,0.00E+00
700,4.10E-03,1.78E-05,1.14E-02,4.10E-03,0.00E+00,9.58E-03,3.72E-03,0.00E+00
701,3.84E-03,1.66E-05,1.06E-02,3.84E-03,0.00E+00,8.89E-03,3.45E-03,0.00E+00
702,3.59E-03,1.56E-05,9.94E-03,3.59E-03,0.00E+00,8.26E-03,3.21E-03,0.00E+00
703,3.35E-03,1.45E-05,9.29E-03,3.35E-03,0.00E+00,7.67E-03,2.98E-03,0.00E+00
704,3.13E-03,1.36E-05,8.68E-03,3.13E-03,0.00E+00,7.12E-03,2.76E-03,0.00E+00
705,2.93E-03,1.27E-05,8.11E-03,2.93E-03,0.00E+00,6.61E-03,2.56E-03,0.00E+00
706,2.74E-03,1.19E-05,7.58E-03,2.74E-03,0.00E+00,6.13E-03,2.38E-03,0.00E+00
707,2.56E-03,1.11E-05,7.09E-03,2.56E-03,0.00E+00,5.69E-03,2.21E-03,0.00E+00
708,2.39E-03,1.04E-05,6.63E-03,2.39E-03,0.00E+00,5.28E-03,2.05E-03,0.00E+00
709,2.24E-03,9.76E-06,6.20E-03,2.24E-03,0.00E+00,4.90E-03,1.90E-03,0.00E+00
710,2.09E-03,9.14E-06,5.79E-03,2.09E-03,0.00E+00,4.55E-03,1.77E-03,0.00E+00
711,1.95E-03,8.56E-06,5.41E-03,1.95E-03,0.00E+00,4.23E-03,1.64E-03,0.00E+00
712,1.82E-03,8.02E-06,5.05E-03,1.82E-03,0.00E+00,3.93E-03,1.53E-03,0.00E+00
713,1.70E-03,7.51E-06,4.72E-03,1.70E-03,0.00E+00,3.65E-03,1.42E-03,0.00E+00
714,1.59E-03,7.04E-06,4.40E-03,1.59E-03,0.00E+00,3.39E-03,1.32E-03,0.00E+00
715,1.48E-03,6.60E-06,4.11E-03,1.48E-03,0.00E+00,3.14E-03,1.22E-03,0.00E+00
716,1.38E-03,6.18E-06,3.83E-03,1.38E-03,0.00E+00,2.92E-03,1.14E-03,0.00E+00
717,1.29E-03,5.80E-06,3.58E-03,1.29E-03,0.00E+00,2.71E-03,1.05E-03,0.00E+00
718,1.20E-03,5.44E-06,3.33E-03,1.20E-03,0.00E+00,2.52E-03,9.80E-04,0.00E+00
719,1.12E-03,5.10E-06,3.11E-03,1.12E-03,0.00E+00,2.34E-03,9.11E-04,0.00E+00
720,1.05E-03,4.78E-06,2.90E-03,1.05E-03,0.00E+00,2.17E-03,8.46E-04,0.00E+00
721,9.77E-04,4.49E-06,2.70E-03,9.77E-04,0.00E+00,2.02E-03,7.86E-04,0.00E+00
722,9.11E-04,4.21E-06,2.52E-03,9.11E-04,0.00E+00,1.88E-03,7.31E-04,0.00E+00
723,8.50E-04,3.95E-06,2.35E-03,8.50E-04,0.00E+00,1.74E-03,6.79E-04,0.00E+00
724,7.93E-04,3.71E-06,2.20E-03,7.93E-04,0.00E+00,1.62E-03,6.31E-04,0.00E+00
725,7.40E-04,3.48E-06,2.05E-03,7.40E-04,0.00E+00,1.51E-03,5.86E-04,0.00E+00
726,6.90E-04,3.27E-06,1.91E-03,6.90E-04,0.00E+00,1.40E-03,5.45E-04,0.00E+00
727,6.43E-04,3.07E-06,1.78E-03,6.43E-04,0.00E+00,1.30E-03,5.07E-04,0.00E+00
728,5.99E-04,2.88E-06,1.66E-03,5.99E-04,0.00E+00,1.21E-03,4.71E-04,0.00E+00
729,5.58E-04,2.71E-06,1.55E-03,5.58E-04,0.00E+00,1.12E-03,4.38E-04,0.00E+00
730,5.20E-04,2.55E-06,1.44E-03,5.20E-04,0.00E+00,1.04E-03,4.07E-04,0.00E+00
731,4.84E-04,2.39E-06,1.34E-03,4.84E-04,0.00E+00,9.72E-04,3.79E-04,0.00E+00
732,4.50E-04,2.25E-06,1.25E-03,4.50E-04,0.00E+00,9.04E-04,3.53E-04,0.00E+00
733,4.18E-04,2.12E-06,1.16E-03,4.18E-04,0.00E+00,8.40E-04,3.28E-04,0.00E+00
734,3.89E-04,1.99E-06,1.08E-03,3.89E-04,0.00E+00,7.82E-04,3.05E-04,0.00E+00
735,3.61E-04,1.87E-06,1.00E-03,3.61E-04,0.00E+00,7.27E-04,2.84E-04,0.00E+00
736,3.35E-04,1.76E-06,9.29E-04,3.35E-04,0.00E+00,6.77E-04,2.64E-04,0.00E+00
737,3.11E-04,1.66E-06,8.62E-04,3.11E-04,0.00E+00,6.30E-04,2.46E-04,0.00E+00
738,2.89E-04,1.56E-06,8.01E-04,2.89E-04,0.00E+00,5.86E-04,2.29E-04,0.00E+00
739,2.68E-04,1.47E-06,7.43E-04,2.68E-04,0.00E+00,5.46E-04,2.13E-04,0.00E+00
740,2.49E-04,1.38E-06,6.90E-04,2.49E-04,0.00E+00,5.08E-04,1.99E-04,0.00E+00
741,2.31E-04,1.30E-06,6.41E-04,2.31E-04,0.00E+00,4.73E-04,1.85E-04,0.00E+00
742,2.15E-04,1.22E-06,5.95E-04,2.15E-04,0.00E+00,4.41E-04,1.72E-04,0.00E+00
743,1.99E-04,1.15E-06,5.52E-04,1.99E-04,0.00E+00,4.11E-04,1.61E-04,0.00E+00
744,1.85E-04,1.08E-06,5.12E-04,1.85E-04,0.00E+00,3.82E-04,1.50E-04,0.00E+00
745,1.72E-04,1.02E-06,4.76E-04,1.72E-04,0.00E+00,3.56E-04,1.40E-04,0.00E+00
746,1.60E-04,9.62E-07,4.42E-04,1.60E-04,0.00E+00,3.32E-04,1.30E-04,0.00E+00
747,1.49E-04,9.07E-07,4.12E-04,1.49E-04,0.00E+00,3.10E-04,1.21E-04,0.00E+00
748,1.38E-04,8.55E-07,3.83E-04,1.38E-04,0.00E+00,2.89E-04,1.13E-04,0.00E+00
749,1.29E-04,8.06E-07,3.57E-04,1.29E-04,0.00E+00,2.69E-04,1.06E-04,0.00E+00
750,1.20E-04,7.60E-07,3.32E-04,1.20E-04,0.00E+00,2.51E-04,9.84E-05,0.00E+00
751,1.12E-04,7.16E-07,3.10E-04,1.12E-04,0.00E+00,2.34E-04,9.19E-05,0.00E+00
752,1.04E-04,6.75E-07,2.89E-04,1.04E-04,0.00E+00,2.18E-04,8.57E-05,0.00E+00
753,9.73E-05,6.37E-07,2.70E-04,9.73E-05,0.00E+00,2.04E-04,8.00E-05,0.00E+00
754,9.08E-05,6.01E-07,2.52E-04,9.08E-05,0.00E+00,1.90E-04,7.48E-05,0.00E+00
755,8.48E-05,5.67E-07,2.35E-04,8.48E-05,0.00E+00,1.78E-04,6.98E-05,0.00E+00
756,7.91E-05,5.35E-07,2.19E-04,7.91E-05,0.00E+00,1.66E-04,6.52E-05,0.00E+00
757,7.39E-05,5.05E-07,2.05E-04,7.39E-05,0.00E+00,1.55E-04,6.09E-05,0.00E+00
758,6.89E-05,4.77E-07,1.91E-04,6.89E-05,0.00E+00,1.45E-04,5.69E-05,0.00E+00
759,6.43E-05,4.50E-07,1.78E-04,6.43E-05,0.00E+00,1.35E-04,5.32E-05,0.00E+00
760,6.00E-05,4.25E-07,1.66E-04,6.00E-05,0.00E+00,1.26E-04,4.97E-05,0.00E+00
761,5.60E-05,4.01E-07,1.55E-04,5.60E-05,0.00E+00,1.18E-04,4.65E-05,0.00E+00
762,5.22E-05,3.79E-07,1.45E-04,5.22E-05,0.00E+00,1.10E-04,4.35E-05,0.00E+00
763,4.87E-05,3.58E-07,1.35E-04,4.87E-05,0.00E+00,1.03E-04,4.06E-05,0.00E+00
764,4.54E-05,3.38E-07,1.26E-04,4.54E-05,0.00E+00,9.64E-05,3.80E-05,0.00E+00
765,4.24E-05,3.20E-07,1.17E-04,4.24E-05,0.00E+00,9.02E-05,3.55E-05,0.00E+00
766,3.96E-05,3.02E-07,1.10E-04,3.96E-05,0.00E+00,8.43E-05,3.32E-05,0.00E+00
767,3.69E-05,2.86E-07,1.02E-04,3.69E-05,0.00E+00,7.88E-05,3.11E-05,0.00E+00
768,3.44E-05,2.70E-07,9.54E-05,3.44E-05,0.00E+00,7.37E-05,2.91E-05,0.00E+00
769,3.21E-05,2.55E-07,8.90E-05,3.21E-05,0.00E+00,6.90E-05,2.72E-05,0.00E+00
770,3.00E-05,2.41E-07,8.31E-05,3.00E-05,0.00E+00,6.45E-05,2.55E-05,0.00E+00
771,2.80E-05,2.28E-07,7.75E-05,2.80E-05,0.00E+00,6.04E-05,2.39E-05,0.00E+00
772,2.61E-05,2.16E-07,7.23E-05,2.61E-05,0.00E+00,5.65E-05,2.23E-05,0.00E+00
773,2.44E-05,2.04E-07,6.75E-05,2.44E-05,0.00E+00,5.29E-05,2.09E-05,0.00E+00
774,2.27E-05,1.93E-07,6.29E-05,2.27E-05,0.00E+00,4.95E-05,1.96E-05,0.00E+00
775,2.12E-05,1.83E-07,5.87E-05,2.12E-05,0.00E+00,4.63E-05,1.83E-05,0.00E+00
776,1.98E-05,1.73E-07,5.48E-05,1.98E-05,0.00E+00,4.34E-05,1.72E-05,0.00E+00
777,1.85E-05,1.64E-07,5.11E-05,1.85E-05,0.00E+00,4.06E-05,1.61E-05,0.00E+00
778,1.72E-05,1.55E-07,4.77E-05,1.72E-05,0.00E+00,3.81E-05,1.51E-05,0.00E+00
779,1.61E-05,1.47E-07,4.45E-05,1.61E-05,0.00E+00,3.57E-05,1.41E-05,0.00E+00
780,1.50E-05,1.39E-07,4.15E-05,1.50E-05,0.00E+00,3.34E-05,1.32E-05,0.00E+00
781,1.40E-05,,3.87E-05,1.40E-05,0.00E+00,3.13E-05,1.24E-05,0.00E+00
782,1.31E-05,,3.61E-05,1.31E-05,0.00E+00,2.94E-05,1.16E-05,0.00E+00
783,1.22E-05,,3.37E-05,1.22E-05,0.00E+00,2.75E-05,1.09E-05,0.00E+00
784,1.14E-05,,3.15E-05,1.14E-05,0.00E+00,2.58E-05,1.03E-05,0.00E+00
785,1.06E-05,,2.94E-05,1.06E-05,0.00E+00,2.42E-05,9.62E-06,0.00E+00
786,9.89E-06,,2.74E-05,9.89E-06,0.00E+00,2.27E-05,9.03E-06,0.00E+00
787,9.22E-06,,2.55E-05,9.22E-06,0.00E+00,2.13E-05,8.47E-06,0.00E+00
788,8.59E-06,,2.38E-05,8.59E-06,0.00E+00,2.00E-05,7.95E-06,0.00E+00
789,8.01E-06,,2.22E-05,8.01E-06,0.00E+00,1.88E-05,7.47E-06,0.00E+00
790,7.47E-06,,2.07E-05,7.47E-06,0.00E+00,1.76E-05,7.01E-06,0.00E+00
791,6.96E-06,,1.93E-05,6.96E-06,0.00E+00,1.65E-05,6.59E-06,0.00E+00
792,6.49E-06,,1.80E-05,6.49E-06,0.00E+00,1.55E-05,6.19E-06,0.00E+00
793,6.05E-06,,1.67E-05,6.05E-06,0.00E+00,1.46E-05,5.81E-06,0.00E+00
794,5.64E-06,,1.56E-05,5.64E-06,0.00E+00,1.37E-05,5.46E-06,0.00E+00
795,5.26E-06,,1.46E-05,5.26E-06,0.00E+00,1.29E-05,5.13E-06,0.00E+00
796,4.90E-06,,1.36E-05,4.90E-06,0.00E+00,1.21E-05,4.82E-06,0.00E+00
797,4.57E-06,,1.27E-05,4.57E-06,0.00E+00,1.13E-05,4.53E-06,0.00E+00
798,4.26E-06,,1.18E-05,4.26E-06,0.00E+00,1.07E-05,4.26E-06,0.00E+00
799,3.97E-06,,1.10E-05,3.97E-06,0.00E+00,1.00E-05,4.00E-06,0.00E+00
800,3.70E-06,,1.03E-05,3.70E-06,0.00E+00,9.41E-06,3.76E-06,0.00E+00
801,3.45E-06,,9.56E-06,3.45E-06,0.00E+00,8.85E-06,3.54E-06,0.00E+00
802,3.22E-06,,8.91E-06,3.22E-06,0.00E+00,8.32E-06,3.33E-06,0.00E+00
803,3.00E-06,,8.31E-06,3.00E-06,0.00E+00,7.82E-06,3.13E-06,0.00E+00
804,2.80E-06,,7.75E-06,2.80E-06,0.00E+00,7.35E-06,2.95E-06,0.00E+00
805,2.61E-06,,7.22E-06,2.61E-06,0.00E+00,6.91E-06,2.77E-06,0.00E+00
806,2.43E-06,,6.73E-06,2.43E-06,0.00E+00,6.50E-06,2.61E-06,0.00E+00
807,2.27E-06,,6.28E-06,2.27E-06,0.00E+00,6.12E-06,2.45E-06,0.00E+00
808,2.11E-06,,5.85E-06,2.11E-06,0.00E+00,5.75E-06,2.31E-06,0.00E+00
809,1.97E-06,,5.46E-06,1.97E-06,0.00E+00,5.41E-06,2.17E-06,0.00E+00
810,1.84E-06,,5.09E-06,1.84E-06,0.00E+00,5.09E-06,2.05E-06,0.00E+00
811,1.71E-06,,4.74E-06,1.71E-06,0.00E+00,4.79E-06,1.93E-06,0.00E+00
812,1.60E-06,,4.42E-06,1.60E-06,0.00E+00,4.51E-06,1.81E-06,0.00E+00
813,1.49E-06,,4.12E-06,1.49E-06,0.00E+00,4.25E-06,1.71E-06,0.00E+00
814,1.39E-06,,3.84E-06,1.39E-06,0.00E+00,4.00E-06,1.61E-06,0.00E+00
815,1.29E-06,,3.58E-06,1.29E-06,0.00E+00,3.77E-06,1.52E-06,0.00E+00
816,1.21E-06,,3.34E-06,1.21E-06,0.00E+00,3.55E-06,1.43E-06,0.00E+00
817,1.12E-06,,3.11E-06,1.12E-06,0.00E+00,3.34E-06,1.35E-06,0.00E+00
818,1.05E-06,,2.90E-06,1.05E-06,0.00E+00,3.15E-06,1.27E-06,0.00E+00
819,9.77E-07,,2.71E-06,9.77E-07,0.00E+00,2.97E-06,1.20E-06,0.00E+00
820,9.11E-07,,2.52E-06,9.11E-07,0.00E+00,2.80E-06,1.13E-06,0.00E+00
821,8.49E-07,,2.35E-06,8.49E-07,0.00E+00,2.63E-06,1.06E-06,0.00E+00
822,7.92E-07,,2.19E-06,7.92E-07,0.00E+00,2.48E-06,1.00E-06,0.00E+00
823,7.38E-07,,2.04E-06,7.38E-07,0.00E+00,2.34E-06,9.46E-07,0.00E+00
824,6.88E-07,,1.91E-06,6.88E-07,0.00E+00,2.21E-06,8.93E-07,0.00E+00
825,6.42E-07,,1.78E-06,6.42E-07,0.00E+00,2.08E-06,8.42E-07,0.00E+00
826,5.98E-07,,1.66E-06,5.98E-07,0.00E+00,1.96E-06,7.95E-07,0.00E+00
827,5.58E-07,,1.54E-06,5.58E-07,0.00E+00,1.85E-06,7.50E-07,0.00E+00
828,5.20E-07,,1.44E-06,5.20E-07,0.00E+00,1.75E-06,7.07E-07,0.00E+00
829,4.85E-07,,1.34E-06,4.85E-07,0.00E+00,1.65E-06,6.67E-07,0.00E+00
830,4.52E-07,,1.25E-06,4.52E-07,0.00E+00,1.55E-06,6.30E-07,0.00E+00
