nm,CIE 1924 - V(lbd) ,CIE 1951 - V'(lbd),CIE 1931 - x2,CIE 1931 - y2,CIE 1931 - z2,CIE 1964 - x10,CIE 1964 - y10,CIE 1964 - z10
360,0.00000391700000000000,0.00000000000000000000,0.000129900000,0.000003917000,0.000606100000,0.00000012220000000000,0.00000001339800000000,0.00000053502700000000
361,0.00000439358100000000,0.00000000000000000000,0.000145847000,0.000004393581,0.000680879200,0.00000018513800000000,0.00000002029400000000,0.00000081072000000000
362,0.00000492960400000000,0.00000000000000000000,0.000163802100,0.000004929604,0.000765145600,0.00000027883000000000,0.00000003056000000000,0.00000122120000000000
363,0.00000553213600000000,0.00000000000000000000,0.000184003700,0.000005532136,0.000860012400,0.00000041747000000000,0.00000004574000000000,0.00000182870000000000
364,0.00000620824500000000,0.00000000000000000000,0.000206690200,0.000006208245,0.000966592800,0.00000062133000000000,0.00000006805000000000,0.00000272220000000000
365,0.00000696500000000000,0.00000000000000000000,0.000232100000,0.000006965000,0.001086000000,0.00000091927000000000,0.00000010065000000000,0.00000402830000000000
366,0.00000781321900000000,0.00000000000000000000,0.000260728000,0.000007813219,0.001220586000,0.00000135198000000000,0.00000014798000000000,0.00000592570000000000
367,0.00000876733600000000,0.00000000000000000000,0.000293075000,0.000008767336,0.001372729000,0.00000197654000000000,0.00000021627000000000,0.00000866510000000000
368,0.00000983984400000000,0.00000000000000000000,0.000329388000,0.000009839844,0.001543579000,0.00000287250000000000,0.00000031420000000000,0.00001259600000000000
369,0.00001104323000000000,0.00000000000000000000,0.000369914000,0.000011043230,0.001734286000,0.00000414950000000000,0.00000045370000000000,0.00001820100000000000
370,0.00001239000000000000,0.00000000000000000000,0.000414900000,0.000012390000,0.001946000000,0.00000595860000000000,0.00000065110000000000,0.00002614370000000000
371,0.00001388641000000000,0.00000000000000000000,0.000464158700,0.000013886410,0.002177777000,0.00000850560000000000,0.00000092880000000000,0.00003733000000000000
372,0.00001555728000000000,0.00000000000000000000,0.000518986000,0.000015557280,0.002435809000,0.00001206860000000000,0.00000131750000000000,0.00005298700000000000
373,0.00001744296000000000,0.00000000000000000000,0.000581854000,0.000017442960,0.002731953000,0.00001702260000000000,0.00000185720000000000,0.00007476400000000000
374,0.00001958375000000000,0.00000000000000000000,0.000655234700,0.000019583750,0.003078064000,0.00002386800000000000,0.00000260200000000000,0.00010487000000000000
375,0.00002202000000000000,0.00000000000000000000,0.000741600000,0.000022020000,0.003486000000,0.00003326600000000000,0.00000362500000000000,0.00014622000000000000
376,0.00002483965000000000,0.00000000000000000000,0.000845029600,0.000024839650,0.003975227000,0.00004608700000000000,0.00000501900000000000,0.00020266000000000000
377,0.00002804126000000000,0.00000000000000000000,0.000964526800,0.000028041260,0.004540880000,0.00006347200000000000,0.00000690700000000000,0.00027923000000000000
378,0.00003153104000000000,0.00000000000000000000,0.001094949000,0.000031531040,0.005158320000,0.00008689200000000000,0.00000944900000000000,0.00038245000000000000
379,0.00003521521000000000,0.00000000000000000000,0.001231154000,0.000035215210,0.005802907000,0.00011824600000000000,0.00001284800000000000,0.00052072000000000000
380,0.00003900000000000000,0.00058900000000000000,0.001368000000,0.000039000000,0.006450001000,0.00015995200000000000,0.00001736400000000000,0.00070477600000000000
381,0.00004282640000000000,0.00066500000000000000,0.001502050000,0.000042826400,0.007083216000,0.00021508000000000000,0.00002332700000000000,0.00094823000000000000
382,0.00004691460000000000,0.00075200000000000000,0.001642328000,0.000046914600,0.007745488000,0.00028749000000000000,0.00003115000000000000,0.00126820000000000000
383,0.00005158960000000000,0.00085400000000000000,0.001802382000,0.000051589600,0.008501152000,0.00038199000000000000,0.00004135000000000000,0.00168610000000000000
384,0.00005717640000000000,0.00097200000000000000,0.001995757000,0.000057176400,0.009414544000,0.00050455000000000000,0.00005456000000000000,0.00222850000000000000
385,0.00006400000000000000,0.00110800000000000000,0.002236000000,0.000064000000,0.010549990000,0.00066244000000000000,0.00007156000000000000,0.00292780000000000000
386,0.00007234421000000000,0.00126800000000000000,0.002535385000,0.000072344210,0.011965800000,0.00086450000000000000,0.00009330000000000000,0.00382370000000000000
387,0.00008221224000000000,0.00145300000000000000,0.002892603000,0.000082212240,0.013655870000,0.00112150000000000000,0.00012087000000000000,0.00496420000000000000
388,0.00009350816000000000,0.00166800000000000000,0.003300829000,0.000093508160,0.015588050000,0.00144616000000000000,0.00015564000000000000,0.00640670000000000000
389,0.00010613610000000000,0.00191800000000000000,0.003753236000,0.000106136100,0.017730150000,0.00185359000000000000,0.00019920000000000000,0.00821930000000000000
390,0.00012000000000000000,0.00220900000000000000,0.004243000000,0.000120000000,0.020050010000,0.00236160000000000000,0.00025340000000000000,0.01048220000000000000
391,0.00013498400000000000,0.00254700000000000000,0.004762389000,0.000134984000,0.022511360000,0.00299060000000000000,0.00032020000000000000,0.01328900000000000000
392,0.00015149200000000000,0.00293900000000000000,0.005330048000,0.000151492000,0.025202880000,0.00376450000000000000,0.00040240000000000000,0.01674700000000000000
393,0.00017020800000000000,0.00339400000000000000,0.005978712000,0.000170208000,0.028279720000,0.00471020000000000000,0.00050230000000000000,0.02098000000000000000
394,0.00019181600000000000,0.00392100000000000000,0.006741117000,0.000191816000,0.031897040000,0.00585810000000000000,0.00062320000000000000,0.02612700000000000000
395,0.00021700000000000000,0.00453000000000000000,0.007650000000,0.000217000000,0.036210000000,0.00724230000000000000,0.00076850000000000000,0.03234400000000000000
396,0.00024690670000000000,0.00524000000000000000,0.008751373000,0.000246906700,0.041437710000,0.00889960000000000000,0.00094170000000000000,0.03980200000000000000
397,0.00028124000000000000,0.00605000000000000000,0.010028880000,0.000281240000,0.047503720000,0.01087090000000000000,0.00114780000000000000,0.04869100000000000000
398,0.00031852000000000000,0.00698000000000000000,0.011421700000,0.000318520000,0.054119880000,0.01319890000000000000,0.00139030000000000000,0.05921000000000000000
399,0.00035726670000000000,0.00806000000000000000,0.012869010000,0.000357266700,0.060998030000,0.01592920000000000000,0.00167400000000000000,0.07157600000000000000
400,0.00039600000000000000,0.00929000000000000000,0.014310000000,0.000396000000,0.067850010000,0.01910970000000000000,0.00200440000000000000,0.08601090000000000000
401,0.00043371470000000000,0.01070000000000000000,0.015704430000,0.000433714700,0.074486320000,0.02278800000000000000,0.00238600000000000000,0.10274000000000000000
402,0.00047302400000000000,0.01231000000000000000,0.017147440000,0.000473024000,0.081361560000,0.02701100000000000000,0.00282200000000000000,0.12200000000000000000
403,0.00051787600000000000,0.01413000000000000000,0.018781220000,0.000517876000,0.089153640000,0.03182900000000000000,0.00331900000000000000,0.14402000000000000000
404,0.00057221870000000000,0.01619000000000000000,0.020748010000,0.000572218700,0.098540480000,0.03727800000000000000,0.00388000000000000000,0.16899000000000000000
405,0.00064000000000000000,0.01852000000000000000,0.023190000000,0.000640000000,0.110200000000,0.04340000000000000000,0.00450900000000000000,0.19712000000000000000
406,0.00072456000000000000,0.02113000000000000000,0.026207360000,0.000724560000,0.124613300000,0.05022300000000000000,0.00520900000000000000,0.22857000000000000000
407,0.00082550000000000000,0.02405000000000000000,0.029782480000,0.000825500000,0.141701700000,0.05776400000000000000,0.00598500000000000000,0.26347000000000000000
408,0.00094116000000000000,0.02730000000000000000,0.033880920000,0.000941160000,0.161303500000,0.06603800000000000000,0.00683300000000000000,0.30190000000000000000
409,0.00106988000000000000,0.03089000000000000000,0.038468240000,0.001069880000,0.183256800000,0.07503300000000000000,0.00775700000000000000,0.34387000000000000000
410,0.00121000000000000000,0.03484000000000000000,0.043510000000,0.001210000000,0.207400000000,0.08473600000000000000,0.00875600000000000000,0.38936600000000000000
411,0.00136209100000000000,0.03916000000000000000,0.048995600000,0.001362091000,0.233692100000,0.09504100000000000000,0.00981600000000000000,0.43797000000000000000
412,0.00153075200000000000,0.04390000000000000000,0.055022600000,0.001530752000,0.262611400000,0.10583600000000000000,0.01091800000000000000,0.48922000000000000000
413,0.00172036800000000000,0.04900000000000000000,0.061718800000,0.001720368000,0.294774600000,0.11706600000000000000,0.01205800000000000000,0.54290000000000000000
414,0.00193532300000000000,0.05450000000000000000,0.069212000000,0.001935323000,0.330798500000,0.12868200000000000000,0.01323700000000000000,0.59881000000000000000
415,0.00218000000000000000,0.06040000000000000000,0.077630000000,0.002180000000,0.371300000000,0.14063800000000000000,0.01445600000000000000,0.65676000000000000000
416,0.00245480000000000000,0.06680000000000000000,0.086958110000,0.002454800000,0.416209100000,0.15289300000000000000,0.01571700000000000000,0.71658000000000000000
417,0.00276400000000000000,0.07360000000000000000,0.097176720000,0.002764000000,0.465464200000,0.16541600000000000000,0.01702500000000000000,0.77812000000000000000
418,0.00311780000000000000,0.08080000000000000000,0.108406300000,0.003117800000,0.519694800000,0.17819100000000000000,0.01839900000000000000,0.84131000000000000000
419,0.00352640000000000000,0.08850000000000000000,0.120767200000,0.003526400000,0.579530300000,0.19121400000000000000,0.01984800000000000000,0.90611000000000000000
420,0.00400000000000000000,0.09660000000000000000,0.134380000000,0.004000000000,0.645600000000,0.20449200000000000000,0.02139100000000000000,0.97254200000000000000
421,0.00454624000000000000,0.10520000000000000000,0.149358200000,0.004546240000,0.718483800000,0.21765000000000000000,0.02299200000000000000,1.03890000000000000000
422,0.00515932000000000000,0.11410000000000000000,0.165395700000,0.005159320000,0.796713300000,0.23026700000000000000,0.02459800000000000000,1.10310000000000000000
423,0.00582928000000000000,0.12350000000000000000,0.181983100000,0.005829280000,0.877845900000,0.24231100000000000000,0.02621300000000000000,1.16510000000000000000
424,0.00654616000000000000,0.13340000000000000000,0.198611000000,0.006546160000,0.959439000000,0.25379300000000000000,0.02784100000000000000,1.22490000000000000000
425,0.00730000000000000000,0.14360000000000000000,0.214770000000,0.007300000000,1.039050100000,0.26473700000000000000,0.02949700000000000000,1.28250000000000000000
426,0.00808650700000000000,0.15410000000000000000,0.230186800000,0.008086507000,1.115367300000,0.27519500000000000000,0.03119500000000000000,1.33820000000000000000
427,0.00890872000000000000,0.16510000000000000000,0.244879700000,0.008908720000,1.188497100000,0.28530100000000000000,0.03292700000000000000,1.39260000000000000000
428,0.00976768000000000000,0.17640000000000000000,0.258777300000,0.009767680000,1.258123300000,0.29514300000000000000,0.03473800000000000000,1.44610000000000000000
429,0.01066443000000000000,0.18790000000000000000,0.271807900000,0.010664430000,1.323929600000,0.30486900000000000000,0.03665400000000000000,1.49940000000000000000
430,0.01160000000000000000,0.19980000000000000000,0.283900000000,0.011600000000,1.385600000000,0.31467900000000000000,0.03867600000000000000,1.55348000000000000000
431,0.01257317000000000000,0.21190000000000000000,0.294943800000,0.012573170000,1.442635200000,0.32435500000000000000,0.04079200000000000000,1.60720000000000000000
432,0.01358272000000000000,0.22430000000000000000,0.304896500000,0.013582720000,1.494803500000,0.33357000000000000000,0.04294600000000000000,1.65890000000000000000
433,0.01462968000000000000,0.23690000000000000000,0.313787300000,0.014629680000,1.542190300000,0.34224300000000000000,0.04511400000000000000,1.70820000000000000000
434,0.01571509000000000000,0.24960000000000000000,0.321645400000,0.015715090000,1.584880700000,0.35031200000000000000,0.04733300000000000000,1.75480000000000000000
435,0.01684000000000000000,0.26250000000000000000,0.328500000000,0.016840000000,1.622960000000,0.35771900000000000000,0.04960200000000000000,1.79850000000000000000
436,0.01800736000000000000,0.27550000000000000000,0.334351300000,0.018007360000,1.656404800000,0.36448200000000000000,0.05193400000000000000,1.83920000000000000000
437,0.01921448000000000000,0.28860000000000000000,0.339210100000,0.019214480000,1.685295900000,0.37049300000000000000,0.05433700000000000000,1.87660000000000000000
438,0.02045392000000000000,0.30170000000000000000,0.343121300000,0.020453920000,1.709874500000,0.37572700000000000000,0.05682200000000000000,1.91050000000000000000
439,0.02171824000000000000,0.31490000000000000000,0.346129600000,0.021718240000,1.730382100000,0.38015800000000000000,0.05939900000000000000,1.94080000000000000000
440,0.02300000000000000000,0.32810000000000000000,0.348280000000,0.023000000000,1.747060000000,0.38373400000000000000,0.06207700000000000000,1.96728000000000000000
441,0.02429461000000000000,0.34120000000000000000,0.349599900000,0.024294610000,1.760044600000,0.38632700000000000000,0.06473700000000000000,1.98910000000000000000
442,0.02561024000000000000,0.35430000000000000000,0.350147400000,0.025610240000,1.769623300000,0.38785800000000000000,0.06728500000000000000,2.00570000000000000000
443,0.02695857000000000000,0.36730000000000000000,0.350013000000,0.026958570000,1.776263700000,0.38839600000000000000,0.06976400000000000000,2.01740000000000000000
444,0.02835125000000000000,0.38030000000000000000,0.349287000000,0.028351250000,1.780433400000,0.38797800000000000000,0.07221800000000000000,2.02440000000000000000
445,0.02980000000000000000,0.39310000000000000000,0.348060000000,0.029800000000,1.782600000000,0.38672600000000000000,0.07470400000000000000,2.02730000000000000000
446,0.03131083000000000000,0.40600000000000000000,0.346373300000,0.031310830000,1.782968200000,0.38469600000000000000,0.07727200000000000000,2.02640000000000000000
447,0.03288368000000000000,0.41800000000000000000,0.344262400000,0.032883680000,1.781699800000,0.38200600000000000000,0.07997900000000000000,2.02230000000000000000
448,0.03452112000000000000,0.43100000000000000000,0.341808800000,0.034521120000,1.779198200000,0.37870900000000000000,0.08287400000000000000,2.01530000000000000000
449,0.03622571000000000000,0.44300000000000000000,0.339094100000,0.036225710000,1.775867100000,0.37491500000000000000,0.08600000000000000000,2.00600000000000000000
450,0.03800000000000000000,0.45500000000000000000,0.336200000000,0.038000000000,1.772110000000,0.37070200000000000000,0.08945600000000000000,1.99480000000000000000
451,0.03984667000000000000,0.46700000000000000000,0.333197700000,0.039846670000,1.768258900000,0.36608900000000000000,0.09294700000000000000,1.98140000000000000000
452,0.04176800000000000000,0.47900000000000000000,0.330041100000,0.041768000000,1.764039000000,0.36104500000000000000,0.09627500000000000000,1.96530000000000000000
453,0.04376600000000000000,0.49000000000000000000,0.326635700000,0.043766000000,1.758943800000,0.35551800000000000000,0.09953500000000000000,1.94640000000000000000
454,0.04584267000000000000,0.50200000000000000000,0.322886800000,0.045842670000,1.752466300000,0.34948600000000000000,0.10282900000000000000,1.92480000000000000000
455,0.04800000000000000000,0.51300000000000000000,0.318700000000,0.048000000000,1.744100000000,0.34295700000000000000,0.10625600000000000000,1.90070000000000000000
456,0.05024368000000000000,0.52400000000000000000,0.314025100000,0.050243680000,1.733559500000,0.33589300000000000000,0.10990100000000000000,1.87410000000000000000
457,0.05257304000000000000,0.53500000000000000000,0.308884000000,0.052573040000,1.720858100000,0.32828400000000000000,0.11383500000000000000,1.84510000000000000000
458,0.05498056000000000000,0.54600000000000000000,0.303290400000,0.054980560000,1.705936900000,0.32015000000000000000,0.11816700000000000000,1.81390000000000000000
459,0.05745872000000000000,0.55700000000000000000,0.297257900000,0.057458720000,1.688737200000,0.31147500000000000000,0.12293200000000000000,1.78060000000000000000
460,0.06000000000000000000,0.56700000000000000000,0.290800000000,0.060000000000,1.669200000000,0.30227300000000000000,0.12820100000000000000,1.74537000000000000000
461,0.06260197000000000000,0.57800000000000000000,0.283970100000,0.062601970000,1.647528700000,0.29285800000000000000,0.13345700000000000000,1.70910000000000000000
462,0.06527752000000000000,0.58800000000000000000,0.276721400000,0.065277520000,1.623412700000,0.28350200000000000000,0.13832300000000000000,1.67230000000000000000
463,0.06804208000000000000,0.59900000000000000000,0.268917800000,0.068042080000,1.596022300000,0.27404400000000000000,0.14304200000000000000,1.63470000000000000000
464,0.07091109000000000000,0.61000000000000000000,0.260422700000,0.070911090000,1.564528000000,0.26426300000000000000,0.14778700000000000000,1.59560000000000000000
465,0.07390000000000000000,0.62000000000000000000,0.251100000000,0.073900000000,1.528100000000,0.25408500000000000000,0.15276100000000000000,1.55490000000000000000
466,0.07701600000000000000,0.63100000000000000000,0.240847500000,0.077016000000,1.486111400000,0.24339200000000000000,0.15810200000000000000,1.51220000000000000000
467,0.08026640000000000000,0.64200000000000000000,0.229851200000,0.080266400000,1.439521500000,0.23218700000000000000,0.16394100000000000000,1.46730000000000000000
468,0.08366680000000000000,0.65300000000000000000,0.218407200000,0.083666800000,1.389879900000,0.22048800000000000000,0.17036200000000000000,1.41990000000000000000
469,0.08723280000000000000,0.66400000000000000000,0.206811500000,0.087232800000,1.338736200000,0.20819800000000000000,0.17742500000000000000,1.37000000000000000000
470,0.09098000000000000000,0.67600000000000000000,0.195360000000,0.090980000000,1.287640000000,0.19561800000000000000,0.18519000000000000000,1.31756000000000000000
471,0.09491755000000000000,0.68700000000000000000,0.184213600000,0.094917550000,1.237422300000,0.18303400000000000000,0.19302500000000000000,1.26240000000000000000
472,0.09904584000000000000,0.69900000000000000000,0.173327300000,0.099045840000,1.187824300000,0.17022200000000000000,0.20031300000000000000,1.20500000000000000000
473,0.10336740000000000000,0.71000000000000000000,0.162688100000,0.103367400000,1.138761100000,0.15734800000000000000,0.20715600000000000000,1.14660000000000000000
474,0.10788460000000000000,0.72200000000000000000,0.152283300000,0.107884600000,1.090148000000,0.14465000000000000000,0.21364400000000000000,1.08800000000000000000
475,0.11260000000000000000,0.73400000000000000000,0.142100000000,0.112600000000,1.041900000000,0.13234900000000000000,0.21994000000000000000,1.03020000000000000000
476,0.11753200000000000000,0.74500000000000000000,0.132178600000,0.117532000000,0.994197600000,0.12058400000000000000,0.22617000000000000000,0.97383000000000000000
477,0.12267440000000000000,0.75700000000000000000,0.122569600000,0.122674400000,0.947347300000,0.10945600000000000000,0.23246700000000000000,0.91943000000000000000
478,0.12799280000000000000,0.76900000000000000000,0.113275200000,0.127992800000,0.901453100000,0.09904200000000000000,0.23902500000000000000,0.86746000000000000000
479,0.13345280000000000000,0.78100000000000000000,0.104297900000,0.133452800000,0.856619300000,0.08938800000000000000,0.24599700000000000000,0.81828000000000000000
480,0.13902000000000000000,0.79300000000000000000,0.095640000000,0.139020000000,0.812950100000,0.08050700000000000000,0.25358900000000000000,0.77212500000000000000
481,0.14467640000000000000,0.80500000000000000000,0.087299550000,0.144676400000,0.770517300000,0.07203400000000000000,0.26187600000000000000,0.72829000000000000000
482,0.15046930000000000000,0.81700000000000000000,0.079308040000,0.150469300000,0.729444800000,0.06371000000000000000,0.27064300000000000000,0.68604000000000000000
483,0.15646190000000000000,0.82800000000000000000,0.071717760000,0.156461900000,0.689913600000,0.05569400000000000000,0.27964500000000000000,0.64553000000000000000
484,0.16271770000000000000,0.84000000000000000000,0.064580990000,0.162717700000,0.652104900000,0.04811700000000000000,0.28869400000000000000,0.60685000000000000000
485,0.16930000000000000000,0.85100000000000000000,0.057950010000,0.169300000000,0.616200000000,0.04107200000000000000,0.29766500000000000000,0.57006000000000000000
486,0.17624310000000000000,0.86200000000000000000,0.051862110000,0.176243100000,0.582328600000,0.03464200000000000000,0.30646900000000000000,0.53522000000000000000
487,0.18355810000000000000,0.87300000000000000000,0.046281520000,0.183558100000,0.550416200000,0.02889600000000000000,0.31503500000000000000,0.50234000000000000000
488,0.19127350000000000000,0.88400000000000000000,0.041150880000,0.191273500000,0.520337600000,0.02387600000000000000,0.32333500000000000000,0.47140000000000000000
489,0.19941800000000000000,0.89400000000000000000,0.036412830000,0.199418000000,0.491967300000,0.01962800000000000000,0.33136600000000000000,0.44239000000000000000
490,0.20802000000000000000,0.90400000000000000000,0.032010000000,0.208020000000,0.465180000000,0.01617200000000000000,0.33913300000000000000,0.41525400000000000000
491,0.21711990000000000000,0.91400000000000000000,0.027917200000,0.217119900000,0.439924600000,0.01330000000000000000,0.34786000000000000000,0.39002400000000000000
492,0.22673450000000000000,0.92300000000000000000,0.024144400000,0.226734500000,0.416183600000,0.01075900000000000000,0.35832600000000000000,0.36639900000000000000
493,0.23685710000000000000,0.93200000000000000000,0.020687000000,0.236857100000,0.393882200000,0.00854200000000000000,0.37000100000000000000,0.34401500000000000000
494,0.24748120000000000000,0.94100000000000000000,0.017540400000,0.247481200000,0.372945900000,0.00666100000000000000,0.38246400000000000000,0.32268900000000000000
495,0.25860000000000000000,0.94900000000000000000,0.014700000000,0.258600000000,0.353300000000,0.00513200000000000000,0.39537900000000000000,0.30235600000000000000
496,0.27018490000000000000,0.95700000000000000000,0.012161790000,0.270184900000,0.334857800000,0.00398200000000000000,0.40848200000000000000,0.28303600000000000000
497,0.28229390000000000000,0.96400000000000000000,0.009919960000,0.282293900000,0.317552100000,0.00323900000000000000,0.42158800000000000000,0.26481600000000000000
498,0.29505050000000000000,0.97000000000000000000,0.007967240000,0.295050500000,0.301337500000,0.00293400000000000000,0.43461900000000000000,0.24784800000000000000
499,0.30857800000000000000,0.97600000000000000000,0.006296346000,0.308578000000,0.286168600000,0.00311400000000000000,0.44760100000000000000,0.23231800000000000000
500,0.32300000000000000000,0.98200000000000000000,0.004900000000,0.323000000000,0.272000000000,0.00381600000000000000,0.46077700000000000000,0.21850200000000000000
501,0.33840210000000000000,0.98600000000000000000,0.003777173000,0.338402100000,0.258817100000,0.00509500000000000000,0.47434000000000000000,0.20585100000000000000
502,0.35468580000000000000,0.99000000000000000000,0.002945320000,0.354685800000,0.246483800000,0.00693600000000000000,0.48820000000000000000,0.19359600000000000000
503,0.37169860000000000000,0.99400000000000000000,0.002424880000,0.371698600000,0.234771800000,0.00929900000000000000,0.50234000000000000000,0.18173600000000000000
504,0.38928750000000000000,0.99700000000000000000,0.002236293000,0.389287500000,0.223453300000,0.01214700000000000000,0.51674000000000000000,0.17028100000000000000
505,0.40730000000000000000,0.99800000000000000000,0.002400000000,0.407300000000,0.212300000000,0.01544400000000000000,0.53136000000000000000,0.15924900000000000000
506,0.42562990000000000000,1.00000000000000000000,0.002925520000,0.425629900000,0.201169200000,0.01915600000000000000,0.54619000000000000000,0.14867300000000000000
507,0.44430960000000000000,1.00000000000000000000,0.003836560000,0.444309600000,0.190119600000,0.02325000000000000000,0.56118000000000000000,0.13860900000000000000
508,0.46339440000000000000,1.00000000000000000000,0.005174840000,0.463394400000,0.179225400000,0.02769000000000000000,0.57629000000000000000,0.12909600000000000000
509,0.48293950000000000000,0.99800000000000000000,0.006982080000,0.482939500000,0.168560800000,0.03244400000000000000,0.59150000000000000000,0.12021500000000000000
510,0.50300000000000000000,0.99700000000000000000,0.009300000000,0.503000000000,0.158200000000,0.03746500000000000000,0.60674100000000000000,0.11204400000000000000
511,0.52356930000000000000,0.99400000000000000000,0.012149490000,0.523569300000,0.148138300000,0.04295600000000000000,0.62215000000000000000,0.10471000000000000000
512,0.54451200000000000000,0.99000000000000000000,0.015535880000,0.544512000000,0.138375800000,0.04911400000000000000,0.63783000000000000000,0.09819600000000000000
513,0.56569000000000000000,0.98600000000000000000,0.019477520000,0.565690000000,0.128994200000,0.05592000000000000000,0.65371000000000000000,0.09236100000000000000
514,0.58696530000000000000,0.98100000000000000000,0.023992770000,0.586965300000,0.120075100000,0.06334900000000000000,0.66968000000000000000,0.08708800000000000000
515,0.60820000000000000000,0.97500000000000000000,0.029100000000,0.608200000000,0.111700000000,0.07135800000000000000,0.68566000000000000000,0.08224800000000000000
516,0.62934560000000000000,0.96800000000000000000,0.034814850000,0.629345600000,0.103904800000,0.07990100000000000000,0.70155000000000000000,0.07774400000000000000
517,0.65030680000000000000,0.96100000000000000000,0.041120160000,0.650306800000,0.096667480000,0.08890900000000000000,0.71723000000000000000,0.07345600000000000000
518,0.67087520000000000000,0.95300000000000000000,0.047985040000,0.670875200000,0.089982720000,0.09829300000000000000,0.73257000000000000000,0.06926800000000000000
519,0.69084240000000000000,0.94400000000000000000,0.055378610000,0.690842400000,0.083845310000,0.10794900000000000000,0.74746000000000000000,0.06506000000000000000
520,0.71000000000000000000,0.93500000000000000000,0.063270000000,0.710000000000,0.078249990000,0.11774900000000000000,0.76175700000000000000,0.06070900000000000000
521,0.72818520000000000000,0.92500000000000000000,0.071635010000,0.728185200000,0.073208990000,0.12783900000000000000,0.77534000000000000000,0.05645700000000000000
522,0.74546360000000000000,0.91500000000000000000,0.080462240000,0.745463600000,0.068678160000,0.13845000000000000000,0.78822000000000000000,0.05260900000000000000
523,0.76196940000000000000,0.90400000000000000000,0.089739960000,0.761969400000,0.064567840000,0.14951600000000000000,0.80046000000000000000,0.04912200000000000000
524,0.77783680000000000000,0.89200000000000000000,0.099456450000,0.777836800000,0.060788350000,0.16104100000000000000,0.81214000000000000000,0.04595400000000000000
525,0.79320000000000000000,0.88000000000000000000,0.109600000000,0.793200000000,0.057250010000,0.17295300000000000000,0.82333000000000000000,0.04305000000000000000
526,0.80811040000000000000,0.86700000000000000000,0.120167400000,0.808110400000,0.053904350000,0.18520900000000000000,0.83412000000000000000,0.04036800000000000000
527,0.82249620000000000000,0.85400000000000000000,0.131114500000,0.822496200000,0.050746640000,0.19775500000000000000,0.84460000000000000000,0.03783900000000000000
528,0.83630680000000000000,0.84000000000000000000,0.142367900000,0.836306800000,0.047752760000,0.21053800000000000000,0.85487000000000000000,0.03538400000000000000
529,0.84949160000000000000,0.82600000000000000000,0.153854200000,0.849491600000,0.044898590000,0.22346000000000000000,0.86504000000000000000,0.03294900000000000000
530,0.86200000000000000000,0.81100000000000000000,0.165500000000,0.862000000000,0.042160000000,0.23649100000000000000,0.87521100000000000000,0.03045100000000000000
531,0.87381080000000000000,0.79600000000000000000,0.177257100000,0.873810800000,0.039507280000,0.24963300000000000000,0.88537000000000000000,0.02802900000000000000
532,0.88496240000000000000,0.78100000000000000000,0.189140000000,0.884962400000,0.036935640000,0.26297200000000000000,0.89537000000000000000,0.02586200000000000000
533,0.89549360000000000000,0.76500000000000000000,0.201169400000,0.895493600000,0.034458360000,0.27651500000000000000,0.90515000000000000000,0.02392000000000000000
534,0.90544320000000000000,0.74900000000000000000,0.213365800000,0.905443200000,0.032088720000,0.29026900000000000000,0.91465000000000000000,0.02217400000000000000
535,0.91485010000000000000,0.73300000000000000000,0.225749900000,0.914850100000,0.029840000000,0.30421300000000000000,0.92381000000000000000,0.02058400000000000000
536,0.92373480000000000000,0.71700000000000000000,0.238320900000,0.923734800000,0.027711810000,0.31836100000000000000,0.93255000000000000000,0.01912700000000000000
537,0.93209240000000000000,0.70000000000000000000,0.251066800000,0.932092400000,0.025694440000,0.33270500000000000000,0.94081000000000000000,0.01774000000000000000
538,0.93992260000000000000,0.68300000000000000000,0.263992200000,0.939922600000,0.023787160000,0.34723200000000000000,0.94852000000000000000,0.01640300000000000000
539,0.94722520000000000000,0.66700000000000000000,0.277101700000,0.947225200000,0.021989250000,0.36192600000000000000,0.95560000000000000000,0.01506400000000000000
540,0.95400000000000000000,0.65000000000000000000,0.290400000000,0.954000000000,0.020300000000,0.37677200000000000000,0.96198800000000000000,0.01367600000000000000
541,0.96025610000000000000,0.63300000000000000000,0.303891200000,0.960256100000,0.018718050000,0.39168300000000000000,0.96754000000000000000,0.01230800000000000000
542,0.96600740000000000000,0.61600000000000000000,0.317572600000,0.966007400000,0.017240360000,0.40659400000000000000,0.97223000000000000000,0.01105600000000000000
543,0.97126060000000000000,0.59900000000000000000,0.331438400000,0.971260600000,0.015863640000,0.42153900000000000000,0.97617000000000000000,0.00991500000000000000
544,0.97602250000000000000,0.58100000000000000000,0.345482800000,0.976022500000,0.014584610000,0.43651700000000000000,0.97946000000000000000,0.00887200000000000000
545,0.98030000000000000000,0.56400000000000000000,0.359700000000,0.980300000000,0.013400000000,0.45158400000000000000,0.98220000000000000000,0.00791800000000000000
546,0.98409240000000000000,0.54800000000000000000,0.374083900000,0.984092400000,0.012307230000,0.46678200000000000000,0.98452000000000000000,0.00703000000000000000
547,0.98741820000000000000,0.53100000000000000000,0.388639600000,0.987418200000,0.011301880000,0.48214700000000000000,0.98652000000000000000,0.00622300000000000000
548,0.99031280000000000000,0.51400000000000000000,0.403378400000,0.990312800000,0.010377920000,0.49773800000000000000,0.98832000000000000000,0.00545300000000000000
549,0.99281160000000000000,0.49700000000000000000,0.418311500000,0.992811600000,0.009529306000,0.51360600000000000000,0.99002000000000000000,0.00471400000000000000
550,0.99495010000000000000,0.48100000000000000000,0.433449900000,0.994950100000,0.008749999000,0.52982600000000000000,0.99176100000000000000,0.00398800000000000000
551,0.99671080000000000000,0.46500000000000000000,0.448795300000,0.996710800000,0.008035200000,0.54644000000000000000,0.99353000000000000000,0.00328900000000000000
552,0.99809830000000000000,0.44800000000000000000,0.464336000000,0.998098300000,0.007381600000,0.56342600000000000000,0.99523000000000000000,0.00264600000000000000
553,0.99911200000000000000,0.43300000000000000000,0.480064000000,0.999112000000,0.006785400000,0.58072600000000000000,0.99677000000000000000,0.00206300000000000000
554,0.99974820000000000000,0.41700000000000000000,0.495971300000,0.999748200000,0.006242800000,0.59829000000000000000,0.99809000000000000000,0.00153300000000000000
555,1.00000000000000000000,0.40200000000000000000,0.512050100000,1.000000000000,0.005749999000,0.61605300000000000000,0.99911000000000000000,0.00109100000000000000
556,0.99985670000000000000,0.38640000000000000000,0.528295900000,0.999856700000,0.005303600000,0.63394800000000000000,0.99977000000000000000,0.00071100000000000000
557,0.99930460000000000000,0.37150000000000000000,0.544691600000,0.999304600000,0.004899800000,0.65190100000000000000,1.00000000000000000000,0.00040700000000000000
558,0.99832550000000000000,0.35690000000000000000,0.561209400000,0.998325500000,0.004534200000,0.66982400000000000000,0.99971000000000000000,0.00018400000000000000
559,0.99689870000000000000,0.34270000000000000000,0.577821500000,0.996898700000,0.004202400000,0.68763200000000000000,0.99885000000000000000,0.00004700000000000000
560,0.99500000000000000000,0.32880000000000000000,0.594500000000,0.995000000000,0.003900000000,0.70522400000000000000,0.99734000000000000000,0.00000000000000000000
561,0.99260050000000000000,0.31510000000000000000,0.611220900000,0.992600500000,0.003623200000,0.72277300000000000000,0.99526000000000000000,0.00000000000000000000
562,0.98974260000000000000,0.30180000000000000000,0.627975800000,0.989742600000,0.003370600000,0.74048300000000000000,0.99274000000000000000,0.00000000000000000000
563,0.98644440000000000000,0.28880000000000000000,0.644760200000,0.986444400000,0.003141400000,0.75827300000000000000,0.98975000000000000000,0.00000000000000000000
564,0.98272410000000000000,0.27620000000000000000,0.661569700000,0.982724100000,0.002934800000,0.77608300000000000000,0.98630000000000000000,0.00000000000000000000
565,0.97860000000000000000,0.26390000000000000000,0.678400000000,0.978600000000,0.002749999000,0.79383200000000000000,0.98238000000000000000,0.00000000000000000000
566,0.97408370000000000000,0.25190000000000000000,0.695239200000,0.974083700000,0.002585200000,0.81143600000000000000,0.97798000000000000000,0.00000000000000000000
567,0.96917120000000000000,0.24030000000000000000,0.712058600000,0.969171200000,0.002438600000,0.82882200000000000000,0.97311000000000000000,0.00000000000000000000
568,0.96385680000000000000,0.22910000000000000000,0.728828400000,0.963856800000,0.002309400000,0.84587900000000000000,0.96774000000000000000,0.00000000000000000000
569,0.95813490000000000000,0.21820000000000000000,0.745518800000,0.958134900000,0.002196800000,0.86252500000000000000,0.96189000000000000000,0.00000000000000000000
570,0.95200000000000000000,0.20760000000000000000,0.762100000000,0.952000000000,0.002100000000,0.87865500000000000000,0.95555200000000000000,0.00000000000000000000
571,0.94545040000000000000,0.19740000000000000000,0.778543200000,0.945450400000,0.002017733000,0.89420800000000000000,0.94860100000000000000,0.00000000000000000000
572,0.93849920000000000000,0.18760000000000000000,0.794825600000,0.938499200000,0.001948200000,0.90920600000000000000,0.94098100000000000000,0.00000000000000000000
573,0.93116280000000000000,0.17820000000000000000,0.810926400000,0.931162800000,0.001889800000,0.92367200000000000000,0.93279800000000000000,0.00000000000000000000
574,0.92345760000000000000,0.16900000000000000000,0.826824800000,0.923457600000,0.001840933000,0.93763800000000000000,0.92415800000000000000,0.00000000000000000000
575,0.91540000000000000000,0.16020000000000000000,0.842500000000,0.915400000000,0.001800000000,0.95116200000000000000,0.91517500000000000000,0.00000000000000000000
576,0.90700640000000000000,0.15170000000000000000,0.857932500000,0.907006400000,0.001766267000,0.96428300000000000000,0.90595400000000000000,0.00000000000000000000
577,0.89827720000000000000,0.14360000000000000000,0.873081600000,0.898277200000,0.001737800000,0.97706800000000000000,0.89660800000000000000,0.00000000000000000000
578,0.88920480000000000000,0.13580000000000000000,0.887894400000,0.889204800000,0.001711200000,0.98959000000000000000,0.88724900000000000000,0.00000000000000000000
579,0.87978160000000000000,0.12840000000000000000,0.902318100000,0.879781600000,0.001683067000,1.00191000000000000000,0.87798600000000000000,0.00000000000000000000
580,0.87000000000000000000,0.12120000000000000000,0.916300000000,0.870000000000,0.001650001000,1.01416000000000000000,0.86893400000000000000,0.00000000000000000000
581,0.85986130000000000000,0.11430000000000000000,0.929799500000,0.859861300000,0.001610133000,1.02650000000000000000,0.86016400000000000000,0.00000000000000000000
582,0.84939200000000000000,0.10780000000000000000,0.942798400000,0.849392000000,0.001564400000,1.03880000000000000000,0.85151900000000000000,0.00000000000000000000
583,0.83862200000000000000,0.10150000000000000000,0.955277600000,0.838622000000,0.001513600000,1.05100000000000000000,0.84296300000000000000,0.00000000000000000000
584,0.82758130000000000000,0.09560000000000000000,0.967217900000,0.827581300000,0.001458533000,1.06290000000000000000,0.83439300000000000000,0.00000000000000000000
585,0.81630000000000000000,0.08990000000000000000,0.978600000000,0.816300000000,0.001400000000,1.07430000000000000000,0.82562300000000000000,0.00000000000000000000
586,0.80479470000000000000,0.08450000000000000000,0.989385600000,0.804794700000,0.001336667000,1.08520000000000000000,0.81676400000000000000,0.00000000000000000000
587,0.79308200000000000000,0.07930000000000000000,0.999548800000,0.793082000000,0.001270000000,1.09520000000000000000,0.80754400000000000000,0.00000000000000000000
588,0.78119200000000000000,0.07450000000000000000,1.009089200000,0.781192000000,0.001205000000,1.10420000000000000000,0.79794700000000000000,0.00000000000000000000
589,0.76915470000000000000,0.06990000000000000000,1.018006400000,0.769154700000,0.001146667000,1.11200000000000000000,0.78789300000000000000,0.00000000000000000000
590,0.75700000000000000000,0.06550000000000000000,1.026300000000,0.757000000000,0.001100000000,1.11852000000000000000,0.77740500000000000000,0.00000000000000000000
591,0.74475410000000000000,0.06130000000000000000,1.033982700000,0.744754100000,0.001068800000,1.12380000000000000000,0.76649000000000000000,0.00000000000000000000
592,0.73242240000000000000,0.05740000000000000000,1.040986000000,0.732422400000,0.001049400000,1.12800000000000000000,0.75530900000000000000,0.00000000000000000000
593,0.72000360000000000000,0.05370000000000000000,1.047188000000,0.720003600000,0.001035600000,1.13110000000000000000,0.74384500000000000000,0.00000000000000000000
594,0.70749650000000000000,0.05020000000000000000,1.052466700000,0.707496500000,0.001021200000,1.13320000000000000000,0.73219000000000000000,0.00000000000000000000
595,0.69490000000000000000,0.04690000000000000000,1.056700000000,0.694900000000,0.001000000000,1.13430000000000000000,0.72035300000000000000,0.00000000000000000000
596,0.68221920000000000000,0.04380000000000000000,1.059794400000,0.682219200000,0.000968640000,1.13430000000000000000,0.70828100000000000000,0.00000000000000000000
597,0.66947160000000000000,0.04090000000000000000,1.061799200000,0.669471600000,0.000929920000,1.13330000000000000000,0.69605500000000000000,0.00000000000000000000
598,0.65667440000000000000,0.03816000000000000000,1.062806800000,0.656674400000,0.000886880000,1.13120000000000000000,0.68362100000000000000,0.00000000000000000000
599,0.64384480000000000000,0.03558000000000000000,1.062909600000,0.643844800000,0.000842560000,1.12810000000000000000,0.67104800000000000000,0.00000000000000000000
600,0.63100000000000000000,0.03315000000000000000,1.062200000000,0.631000000000,0.000800000000,1.12399000000000000000,0.65834100000000000000,0.00000000000000000000
601,0.61815550000000000000,0.03087000000000000000,1.060735200000,0.618155500000,0.000760960000,1.11890000000000000000,0.64554500000000000000,0.00000000000000000000
602,0.60531440000000000000,0.02874000000000000000,1.058443600000,0.605314400000,0.000723680000,1.11290000000000000000,0.63271800000000000000,0.00000000000000000000
603,0.59247560000000000000,0.02674000000000000000,1.055224400000,0.592475600000,0.000685920000,1.10590000000000000000,0.61981500000000000000,0.00000000000000000000
604,0.57963790000000000000,0.02487000000000000000,1.050976800000,0.579637900000,0.000645440000,1.09800000000000000000,0.60688700000000000000,0.00000000000000000000
605,0.56680000000000000000,0.02312000000000000000,1.045600000000,0.566800000000,0.000600000000,1.08910000000000000000,0.59387800000000000000,0.00000000000000000000
606,0.55396110000000000000,0.02147000000000000000,1.039036900000,0.553961100000,0.000547866700,1.07920000000000000000,0.58078100000000000000,0.00000000000000000000
607,0.54113720000000000000,0.01994000000000000000,1.031360800000,0.541137200000,0.000491600000,1.06840000000000000000,0.56765300000000000000,0.00000000000000000000
608,0.52835280000000000000,0.01851000000000000000,1.022666200000,0.528352800000,0.000435400000,1.05670000000000000000,0.55449000000000000000,0.00000000000000000000
609,0.51563230000000000000,0.01718000000000000000,1.013047700000,0.515632300000,0.000383466700,1.04400000000000000000,0.54122800000000000000,0.00000000000000000000
610,0.50300000000000000000,0.01593000000000000000,1.002600000000,0.503000000000,0.000340000000,1.03048000000000000000,0.52796300000000000000,0.00000000000000000000
611,0.49046880000000000000,0.01477000000000000000,0.991367500000,0.490468800000,0.000307253300,1.01600000000000000000,0.51463400000000000000,0.00000000000000000000
612,0.47803040000000000000,0.01369000000000000000,0.979331400000,0.478030400000,0.000283160000,1.00080000000000000000,0.50136300000000000000,0.00000000000000000000
613,0.46567760000000000000,0.01269000000000000000,0.966491600000,0.465677600000,0.000265440000,0.98479000000000000000,0.48812400000000000000,0.00000000000000000000
614,0.45340320000000000000,0.01175000000000000000,0.952847900000,0.453403200000,0.000251813300,0.96808000000000000000,0.47493500000000000000,0.00000000000000000000
615,0.44120000000000000000,0.01088000000000000000,0.938400000000,0.441200000000,0.000240000000,0.95074000000000000000,0.46183400000000000000,0.00000000000000000000
616,0.42908000000000000000,0.01007000000000000000,0.923194000000,0.429080000000,0.000229546700,0.93280000000000000000,0.44882300000000000000,0.00000000000000000000
617,0.41703600000000000000,0.00932000000000000000,0.907244000000,0.417036000000,0.000220640000,0.91434000000000000000,0.43591700000000000000,0.00000000000000000000
618,0.40503200000000000000,0.00862000000000000000,0.890502000000,0.405032000000,0.000211960000,0.89539000000000000000,0.42315300000000000000,0.00000000000000000000
619,0.39303200000000000000,0.00797000000000000000,0.872920000000,0.393032000000,0.000202186700,0.87603000000000000000,0.41052600000000000000,0.00000000000000000000
620,0.38100000000000000000,0.00737000000000000000,0.854449900000,0.381000000000,0.000190000000,0.85629700000000000000,0.39805700000000000000,0.00000000000000000000
621,0.36891840000000000000,0.00682000000000000000,0.835084000000,0.368918400000,0.000174213300,0.83635000000000000000,0.38583500000000000000,0.00000000000000000000
622,0.35682720000000000000,0.00630000000000000000,0.814946000000,0.356827200000,0.000155640000,0.81629000000000000000,0.37395100000000000000,0.00000000000000000000
623,0.34477680000000000000,0.00582000000000000000,0.794186000000,0.344776800000,0.000135960000,0.79605000000000000000,0.36231100000000000000,0.00000000000000000000
624,0.33281760000000000000,0.00538000000000000000,0.772954000000,0.332817600000,0.000116853300,0.77561000000000000000,0.35086300000000000000,0.00000000000000000000
625,0.32100000000000000000,0.00497000000000000000,0.751400000000,0.321000000000,0.000100000000,0.75493000000000000000,0.33955400000000000000,0.00000000000000000000
626,0.30933810000000000000,0.00459000000000000000,0.729583600000,0.309338100000,0.000086133330,0.73399000000000000000,0.32830900000000000000,0.00000000000000000000
627,0.29785040000000000000,0.00424000000000000000,0.707588800000,0.297850400000,0.000074600000,0.71278000000000000000,0.31711800000000000000,0.00000000000000000000
628,0.28659360000000000000,0.00391300000000000000,0.685602200000,0.286593600000,0.000065000000,0.69129000000000000000,0.30593600000000000000,0.00000000000000000000
629,0.27562450000000000000,0.00361300000000000000,0.663810400000,0.275624500000,0.000056933330,0.66952000000000000000,0.29473700000000000000,0.00000000000000000000
630,0.26500000000000000000,0.00333500000000000000,0.642400000000,0.265000000000,0.000049999990,0.64746700000000000000,0.28349300000000000000,0.00000000000000000000
631,0.25476320000000000000,0.00307900000000000000,0.621514900000,0.254763200000,0.000044160000,0.62511000000000000000,0.27222200000000000000,0.00000000000000000000
632,0.24488960000000000000,0.00284200000000000000,0.601113800000,0.244889600000,0.000039480000,0.60252000000000000000,0.26099000000000000000,0.00000000000000000000
633,0.23533440000000000000,0.00262300000000000000,0.581105200000,0.235334400000,0.000035720000,0.57989000000000000000,0.24987700000000000000,0.00000000000000000000
634,0.22605280000000000000,0.00242100000000000000,0.561397700000,0.226052800000,0.000032640000,0.55737000000000000000,0.23894600000000000000,0.00000000000000000000
635,0.21700000000000000000,0.00223500000000000000,0.541900000000,0.217000000000,0.000030000000,0.53511000000000000000,0.22825400000000000000,0.00000000000000000000
636,0.20816160000000000000,0.00206200000000000000,0.522599500000,0.208161600000,0.000027653330,0.51324000000000000000,0.21785300000000000000,0.00000000000000000000
637,0.19954880000000000000,0.00190300000000000000,0.503546400000,0.199548800000,0.000025560000,0.49186000000000000000,0.20778000000000000000,0.00000000000000000000
638,0.19115520000000000000,0.00175700000000000000,0.484743600000,0.191155200000,0.000023640000,0.47108000000000000000,0.19807200000000000000,0.00000000000000000000
639,0.18297440000000000000,0.00162100000000000000,0.466193900000,0.182974400000,0.000021813330,0.45096000000000000000,0.18874800000000000000,0.00000000000000000000
640,0.17500000000000000000,0.00149700000000000000,0.447900000000,0.175000000000,0.000020000000,0.43156700000000000000,0.17982800000000000000,0.00000000000000000000
641,0.16722350000000000000,0.00138200000000000000,0.429861300000,0.167223500000,0.000018133330,0.41287000000000000000,0.17128500000000000000,0.00000000000000000000
642,0.15964640000000000000,0.00127600000000000000,0.412098000000,0.159646400000,0.000016200000,0.39475000000000000000,0.16305900000000000000,0.00000000000000000000
643,0.15227760000000000000,0.00117800000000000000,0.394644000000,0.152277600000,0.000014200000,0.37721000000000000000,0.15515100000000000000,0.00000000000000000000
644,0.14512590000000000000,0.00108800000000000000,0.377533300000,0.145125900000,0.000012133330,0.36019000000000000000,0.14753500000000000000,0.00000000000000000000
645,0.13820000000000000000,0.00100500000000000000,0.360800000000,0.138200000000,0.000010000000,0.34369000000000000000,0.14021100000000000000,0.00000000000000000000
646,0.13150030000000000000,0.00092800000000000000,0.344456300000,0.131500300000,0.000007733333,0.32769000000000000000,0.13317000000000000000,0.00000000000000000000
647,0.12502480000000000000,0.00085700000000000000,0.328516800000,0.125024800000,0.000005400000,0.31217000000000000000,0.12640000000000000000,0.00000000000000000000
648,0.11877920000000000000,0.00079200000000000000,0.313019200000,0.118779200000,0.000003200000,0.29711000000000000000,0.11989200000000000000,0.00000000000000000000
649,0.11276910000000000000,0.00073200000000000000,0.298001100000,0.112769100000,0.000001333333,0.28250000000000000000,0.11364000000000000000,0.00000000000000000000
650,0.10700000000000000000,0.00067700000000000000,0.283500000000,0.107000000000,0.000000000000,0.26832900000000000000,0.10763300000000000000,0.00000000000000000000
651,0.10147620000000000000,0.00062600000000000000,0.269544800000,0.101476200000,0.000000000000,0.25459000000000000000,0.10187000000000000000,0.00000000000000000000
652,0.09618864000000000000,0.00057900000000000000,0.256118400000,0.096188640000,0.000000000000,0.24130000000000000000,0.09634700000000000000,0.00000000000000000000
653,0.09112296000000000000,0.00053600000000000000,0.243189600000,0.091122960000,0.000000000000,0.22848000000000000000,0.09106300000000000000,0.00000000000000000000
654,0.08626485000000000000,0.00049600000000000000,0.230727200000,0.086264850000,0.000000000000,0.21614000000000000000,0.08601000000000000000,0.00000000000000000000
655,0.08160000000000000000,0.00045900000000000000,0.218700000000,0.081600000000,0.000000000000,0.20430000000000000000,0.08118700000000000000,0.00000000000000000000
656,0.07712064000000000000,0.00042500000000000000,0.207097100000,0.077120640000,0.000000000000,0.19295000000000000000,0.07658300000000000000,0.00000000000000000000
657,0.07282552000000000000,0.00039350000000000000,0.195923200000,0.072825520000,0.000000000000,0.18211000000000000000,0.07219800000000000000,0.00000000000000000000
658,0.06871008000000000000,0.00036450000000000000,0.185170800000,0.068710080000,0.000000000000,0.17177000000000000000,0.06802400000000000000,0.00000000000000000000
659,0.06476976000000000000,0.00033770000000000000,0.174832300000,0.064769760000,0.000000000000,0.16192000000000000000,0.06405200000000000000,0.00000000000000000000
660,0.06100000000000000000,0.00031290000000000000,0.164900000000,0.061000000000,0.000000000000,0.15256800000000000000,0.06028100000000000000,0.00000000000000000000
661,0.05739621000000000000,0.00029010000000000000,0.155366700000,0.057396210000,0.000000000000,0.14367000000000000000,0.05669700000000000000,0.00000000000000000000
662,0.05395504000000000000,0.00026890000000000000,0.146230000000,0.053955040000,0.000000000000,0.13520000000000000000,0.05329200000000000000,0.00000000000000000000
663,0.05067376000000000000,0.00024930000000000000,0.137490000000,0.050673760000,0.000000000000,0.12713000000000000000,0.05005900000000000000,0.00000000000000000000
664,0.04754965000000000000,0.00023130000000000000,0.129146700000,0.047549650000,0.000000000000,0.11948000000000000000,0.04699800000000000000,0.00000000000000000000
665,0.04458000000000000000,0.00021460000000000000,0.121200000000,0.044580000000,0.000000000000,0.11221000000000000000,0.04409600000000000000,0.00000000000000000000
666,0.04175872000000000000,0.00019910000000000000,0.113639700000,0.041758720000,0.000000000000,0.10531000000000000000,0.04134500000000000000,0.00000000000000000000
667,0.03908496000000000000,0.00018480000000000000,0.106465000000,0.039084960000,0.000000000000,0.09878600000000000000,0.03875070000000000000,0.00000000000000000000
668,0.03656384000000000000,0.00017160000000000000,0.099690440000,0.036563840000,0.000000000000,0.09261000000000000000,0.03629780000000000000,0.00000000000000000000
669,0.03420048000000000000,0.00015930000000000000,0.093330610000,0.034200480000,0.000000000000,0.08677300000000000000,0.03398320000000000000,0.00000000000000000000
670,0.03200000000000000000,0.00014800000000000000,0.087400000000,0.032000000000,0.000000000000,0.08126060000000000000,0.03180040000000000000,0.00000000000000000000
671,0.02996261000000000000,0.00013750000000000000,0.081900960000,0.029962610000,0.000000000000,0.07604800000000000000,0.02973950000000000000,0.00000000000000000000
672,0.02807664000000000000,0.00012770000000000000,0.076804280000,0.028076640000,0.000000000000,0.07111400000000000000,0.02779180000000000000,0.00000000000000000000
673,0.02632936000000000000,0.00011870000000000000,0.072077120000,0.026329360000,0.000000000000,0.06645400000000000000,0.02595510000000000000,0.00000000000000000000
674,0.02470805000000000000,0.00011040000000000000,0.067686640000,0.024708050000,0.000000000000,0.06206200000000000000,0.02422630000000000000,0.00000000000000000000
675,0.02320000000000000000,0.00010260000000000000,0.063600000000,0.023200000000,0.000000000000,0.05793000000000000000,0.02260170000000000000,0.00000000000000000000
676,0.02180077000000000000,0.00009540000000000000,0.059806850000,0.021800770000,0.000000000000,0.05405000000000000000,0.02107790000000000000,0.00000000000000000000
677,0.02050112000000000000,0.00008880000000000000,0.056282160000,0.020501120000,0.000000000000,0.05041200000000000000,0.01965050000000000000,0.00000000000000000000
678,0.01928108000000000000,0.00008260000000000000,0.052971040000,0.019281080000,0.000000000000,0.04700600000000000000,0.01831530000000000000,0.00000000000000000000
679,0.01812069000000000000,0.00007690000000000000,0.049818610000,0.018120690000,0.000000000000,0.04382300000000000000,0.01706860000000000000,0.00000000000000000000
680,0.01700000000000000000,0.00007150000000000000,0.046770000000,0.017000000000,0.000000000000,0.04085080000000000000,0.01590510000000000000,0.00000000000000000000
681,0.01590379000000000000,0.00006660000000000000,0.043784050000,0.015903790000,0.000000000000,0.03807200000000000000,0.01481830000000000000,0.00000000000000000000
682,0.01483718000000000000,0.00006200000000000000,0.040875360000,0.014837180000,0.000000000000,0.03546800000000000000,0.01380080000000000000,0.00000000000000000000
683,0.01381068000000000000,0.00005780000000000000,0.038072640000,0.013810680000,0.000000000000,0.03303100000000000000,0.01284950000000000000,0.00000000000000000000
684,0.01283478000000000000,0.00005380000000000000,0.035404610000,0.012834780000,0.000000000000,0.03075300000000000000,0.01196070000000000000,0.00000000000000000000
685,0.01192000000000000000,0.00005010000000000000,0.032900000000,0.011920000000,0.000000000000,0.02862300000000000000,0.01113030000000000000,0.00000000000000000000
686,0.01106831000000000000,0.00004670000000000000,0.030564190000,0.011068310000,0.000000000000,0.02663500000000000000,0.01035550000000000000,0.00000000000000000000
687,0.01027339000000000000,0.00004360000000000000,0.028380560000,0.010273390000,0.000000000000,0.02478100000000000000,0.00963320000000000000,0.00000000000000000000
688,0.00953331100000000000,0.00004060000000000000,0.026344840000,0.009533311000,0.000000000000,0.02305200000000000000,0.00895990000000000000,0.00000000000000000000
689,0.00884615700000000000,0.00003789000000000000,0.024452750000,0.008846157000,0.000000000000,0.02144100000000000000,0.00833240000000000000,0.00000000000000000000
690,0.00821000000000000000,0.00003533000000000000,0.022700000000,0.008210000000,0.000000000000,0.01994130000000000000,0.00774880000000000000,0.00000000000000000000
691,0.00762378100000000000,0.00003295000000000000,0.021084290000,0.007623781000,0.000000000000,0.01854400000000000000,0.00720460000000000000,0.00000000000000000000
692,0.00708542400000000000,0.00003075000000000000,0.019599880000,0.007085424000,0.000000000000,0.01724100000000000000,0.00669750000000000000,0.00000000000000000000
693,0.00659147600000000000,0.00002870000000000000,0.018237320000,0.006591476000,0.000000000000,0.01602700000000000000,0.00622510000000000000,0.00000000000000000000
694,0.00613848500000000000,0.00002679000000000000,0.016987170000,0.006138485000,0.000000000000,0.01489600000000000000,0.00578500000000000000,0.00000000000000000000
695,0.00572300000000000000,0.00002501000000000000,0.015840000000,0.005723000000,0.000000000000,0.01384200000000000000,0.00537510000000000000,0.00000000000000000000
696,0.00534305900000000000,0.00002336000000000000,0.014790640000,0.005343059000,0.000000000000,0.01286200000000000000,0.00499410000000000000,0.00000000000000000000
697,0.00499579600000000000,0.00002182000000000000,0.013831320000,0.004995796000,0.000000000000,0.01194900000000000000,0.00463920000000000000,0.00000000000000000000
698,0.00467640400000000000,0.00002038000000000000,0.012948680000,0.004676404000,0.000000000000,0.01110000000000000000,0.00430930000000000000,0.00000000000000000000
699,0.00438007500000000000,0.00001905000000000000,0.012129200000,0.004380075000,0.000000000000,0.01031100000000000000,0.00400280000000000000,0.00000000000000000000
700,0.00410200000000000000,0.00001780000000000000,0.011359160000,0.004102000000,0.000000000000,0.00957688000000000000,0.00371774000000000000,0.00000000000000000000
701,0.00383845300000000000,0.00001664000000000000,0.010629350000,0.003838453000,0.000000000000,0.00889400000000000000,0.00345262000000000000,0.00000000000000000000
702,0.00358909900000000000,0.00001556000000000000,0.009938846000,0.003589099000,0.000000000000,0.00825810000000000000,0.00320583000000000000,0.00000000000000000000
703,0.00335421900000000000,0.00001454000000000000,0.009288422000,0.003354219000,0.000000000000,0.00766640000000000000,0.00297623000000000000,0.00000000000000000000
704,0.00313409300000000000,0.00001360000000000000,0.008678854000,0.003134093000,0.000000000000,0.00711630000000000000,0.00276281000000000000,0.00000000000000000000
705,0.00292900000000000000,0.00001273000000000000,0.008110916000,0.002929000000,0.000000000000,0.00660520000000000000,0.00256456000000000000,0.00000000000000000000
706,0.00273813900000000000,0.00001191000000000000,0.007582388000,0.002738139000,0.000000000000,0.00613060000000000000,0.00238048000000000000,0.00000000000000000000
707,0.00255987600000000000,0.00001114000000000000,0.007088746000,0.002559876000,0.000000000000,0.00569030000000000000,0.00220971000000000000,0.00000000000000000000
708,0.00239324400000000000,0.00001043000000000000,0.006627313000,0.002393244000,0.000000000000,0.00528190000000000000,0.00205132000000000000,0.00000000000000000000
709,0.00223727500000000000,0.00000976000000000000,0.006195408000,0.002237275000,0.000000000000,0.00490330000000000000,0.00190449000000000000,0.00000000000000000000
710,0.00209100000000000000,0.00000914000000000000,0.005790346000,0.002091000000,0.000000000000,0.00455263000000000000,0.00176847000000000000,0.00000000000000000000
711,0.00195358700000000000,0.00000856000000000000,0.005409826000,0.001953587000,0.000000000000,0.00422750000000000000,0.00164236000000000000,0.00000000000000000000
712,0.00182458000000000000,0.00000802000000000000,0.005052583000,0.001824580000,0.000000000000,0.00392580000000000000,0.00152535000000000000,0.00000000000000000000
713,0.00170358000000000000,0.00000751000000000000,0.004717512000,0.001703580000,0.000000000000,0.00364570000000000000,0.00141672000000000000,0.00000000000000000000
714,0.00159018700000000000,0.00000704000000000000,0.004403507000,0.001590187000,0.000000000000,0.00338590000000000000,0.00131595000000000000,0.00000000000000000000
715,0.00148400000000000000,0.00000660000000000000,0.004109457000,0.001484000000,0.000000000000,0.00314470000000000000,0.00122239000000000000,0.00000000000000000000
716,0.00138449600000000000,0.00000618000000000000,0.003833913000,0.001384496000,0.000000000000,0.00292080000000000000,0.00113555000000000000,0.00000000000000000000
717,0.00129126800000000000,0.00000580000000000000,0.003575748000,0.001291268000,0.000000000000,0.00271300000000000000,0.00105494000000000000,0.00000000000000000000
718,0.00120409200000000000,0.00000544000000000000,0.003334342000,0.001204092000,0.000000000000,0.00252020000000000000,0.00098014000000000000,0.00000000000000000000
719,0.00112274400000000000,0.00000510000000000000,0.003109075000,0.001122744000,0.000000000000,0.00234110000000000000,0.00091066000000000000,0.00000000000000000000
720,0.00104700000000000000,0.00000478000000000000,0.002899327000,0.001047000000,0.000000000000,0.00217496000000000000,0.00084619000000000000,0.00000000000000000000
721,0.00097658960000000000,0.00000449000000000000,0.002704348000,0.000976589600,0.000000000000,0.00202060000000000000,0.00078629000000000000,0.00000000000000000000
722,0.00091110880000000000,0.00000421000000000000,0.002523020000,0.000911108800,0.000000000000,0.00187730000000000000,0.00073068000000000000,0.00000000000000000000
723,0.00085013320000000000,0.00000395100000000000,0.002354168000,0.000850133200,0.000000000000,0.00174410000000000000,0.00067899000000000000,0.00000000000000000000
724,0.00079323840000000000,0.00000370900000000000,0.002196616000,0.000793238400,0.000000000000,0.00162050000000000000,0.00063101000000000000,0.00000000000000000000
725,0.00074000000000000000,0.00000348200000000000,0.002049190000,0.000740000000,0.000000000000,0.00150570000000000000,0.00058644000000000000,0.00000000000000000000
726,0.00069008270000000000,0.00000327000000000000,0.001910960000,0.000690082700,0.000000000000,0.00139920000000000000,0.00054511000000000000,0.00000000000000000000
727,0.00064331000000000000,0.00000307000000000000,0.001781438000,0.000643310000,0.000000000000,0.00130040000000000000,0.00050672000000000000,0.00000000000000000000
728,0.00059949600000000000,0.00000288400000000000,0.001660110000,0.000599496000,0.000000000000,0.00120870000000000000,0.00047111000000000000,0.00000000000000000000
729,0.00055845470000000000,0.00000271000000000000,0.001546459000,0.000558454700,0.000000000000,0.00112360000000000000,0.00043805000000000000,0.00000000000000000000
730,0.00052000000000000000,0.00000254600000000000,0.001439971000,0.000520000000,0.000000000000,0.00104476000000000000,0.00040741000000000000,0.00000000000000000000
731,0.00048391360000000000,0.00000239300000000000,0.001340042000,0.000483913600,0.000000000000,0.00097156000000000000,0.00037896200000000000,0.00000000000000000000
732,0.00045005280000000000,0.00000225000000000000,0.001246275000,0.000450052800,0.000000000000,0.00090360000000000000,0.00035254300000000000,0.00000000000000000000
733,0.00041834520000000000,0.00000211500000000000,0.001158471000,0.000418345200,0.000000000000,0.00084048000000000000,0.00032800100000000000,0.00000000000000000000
734,0.00038871840000000000,0.00000198900000000000,0.001076430000,0.000388718400,0.000000000000,0.00078187000000000000,0.00030520800000000000,0.00000000000000000000
735,0.00036110000000000000,0.00000187000000000000,0.000999949300,0.000361100000,0.000000000000,0.00072745000000000000,0.00028404100000000000,0.00000000000000000000
736,0.00033538350000000000,0.00000175900000000000,0.000928735800,0.000335383500,0.000000000000,0.00067690000000000000,0.00026437500000000000,0.00000000000000000000
737,0.00031144040000000000,0.00000165500000000000,0.000862433200,0.000311440400,0.000000000000,0.00062996000000000000,0.00024610900000000000,0.00000000000000000000
738,0.00028916560000000000,0.00000155700000000000,0.000800750300,0.000289165600,0.000000000000,0.00058637000000000000,0.00022914300000000000,0.00000000000000000000
739,0.00026845390000000000,0.00000146600000000000,0.000743396000,0.000268453900,0.000000000000,0.00054587000000000000,0.00021337600000000000,0.00000000000000000000
740,0.00024920000000000000,0.00000137900000000000,0.000690078600,0.000249200000,0.000000000000,0.00050825800000000000,0.00019873000000000000,0.00000000000000000000
741,0.00023130190000000000,0.00000129900000000000,0.000640515600,0.000231301900,0.000000000000,0.00047330000000000000,0.00018511500000000000,0.00000000000000000000
742,0.00021468560000000000,0.00000122300000000000,0.000594502100,0.000214685600,0.000000000000,0.00044080000000000000,0.00017245400000000000,0.00000000000000000000
743,0.00019928840000000000,0.00000115100000000000,0.000551864600,0.000199288400,0.000000000000,0.00041058000000000000,0.00016067800000000000,0.00000000000000000000
744,0.00018504750000000000,0.00000108400000000000,0.000512429000,0.000185047500,0.000000000000,0.00038249000000000000,0.00014973000000000000,0.00000000000000000000
745,0.00017190000000000000,0.00000102200000000000,0.000476021300,0.000171900000,0.000000000000,0.00035638000000000000,0.00013955000000000000,0.00000000000000000000
746,0.00015977810000000000,0.00000096200000000000,0.000442453600,0.000159778100,0.000000000000,0.00033211000000000000,0.00013008600000000000,0.00000000000000000000
747,0.00014860440000000000,0.00000090700000000000,0.000411511700,0.000148604400,0.000000000000,0.00030955000000000000,0.00012129000000000000,0.00000000000000000000
748,0.00013830160000000000,0.00000085500000000000,0.000382981400,0.000138301600,0.000000000000,0.00028858000000000000,0.00011310600000000000,0.00000000000000000000
749,0.00012879250000000000,0.00000080600000000000,0.000356649100,0.000128792500,0.000000000000,0.00026909000000000000,0.00010550100000000000,0.00000000000000000000
750,0.00012000000000000000,0.00000076000000000000,0.000332301100,0.000120000000,0.000000000000,0.00025096900000000000,0.00009842800000000000,0.00000000000000000000
751,0.00011185950000000000,0.00000071600000000000,0.000309758600,0.000111859500,0.000000000000,0.00023413000000000000,0.00009185300000000000,0.00000000000000000000
752,0.00010432240000000000,0.00000067500000000000,0.000288887100,0.000104322400,0.000000000000,0.00021847000000000000,0.00008573800000000000,0.00000000000000000000
753,0.00009733560000000000,0.00000063700000000000,0.000269539400,0.000097335600,0.000000000000,0.00020391000000000000,0.00008004800000000000,0.00000000000000000000
754,0.00009084587000000000,0.00000060100000000000,0.000251568200,0.000090845870,0.000000000000,0.00019035000000000000,0.00007475100000000000,0.00000000000000000000
755,0.00008480000000000000,0.00000056700000000000,0.000234826100,0.000084800000,0.000000000000,0.00017773000000000000,0.00006981900000000000,0.00000000000000000000
756,0.00007914667000000000,0.00000053500000000000,0.000219171000,0.000079146670,0.000000000000,0.00016597000000000000,0.00006522200000000000,0.00000000000000000000
757,0.00007385800000000000,0.00000050500000000000,0.000204525800,0.000073858000,0.000000000000,0.00015502000000000000,0.00006093900000000000,0.00000000000000000000
758,0.00006891600000000000,0.00000047700000000000,0.000190840500,0.000068916000,0.000000000000,0.00014480000000000000,0.00005694200000000000,0.00000000000000000000
759,0.00006430267000000000,0.00000045000000000000,0.000178065400,0.000064302670,0.000000000000,0.00013528000000000000,0.00005321700000000000,0.00000000000000000000
760,0.00006000000000000000,0.00000042500000000000,0.000166150500,0.000060000000,0.000000000000,0.00012639000000000000,0.00004973700000000000,0.00000000000000000000
761,0.00005598187000000000,0.00000040100000000000,0.000155023600,0.000055981870,0.000000000000,0.00011810000000000000,0.00004649100000000000,0.00000000000000000000
762,0.00005222560000000000,0.00000037900000000000,0.000144621900,0.000052225600,0.000000000000,0.00011037000000000000,0.00004346400000000000,0.00000000000000000000
763,0.00004871840000000000,0.00000035800000000000,0.000134909800,0.000048718400,0.000000000000,0.00010315000000000000,0.00004063500000000000,0.00000000000000000000
764,0.00004544747000000000,0.00000033820000000000,0.000125852000,0.000045447470,0.000000000000,0.00009642700000000000,0.00003800000000000000,0.00000000000000000000
765,0.00004240000000000000,0.00000031960000000000,0.000117413000,0.000042400000,0.000000000000,0.00009015100000000000,0.00003554050000000000,0.00000000000000000000
766,0.00003956104000000000,0.00000030210000000000,0.000109551500,0.000039561040,0.000000000000,0.00008429400000000000,0.00003324480000000000,0.00000000000000000000
767,0.00003691512000000000,0.00000028550000000000,0.000102224500,0.000036915120,0.000000000000,0.00007883000000000000,0.00003110060000000000,0.00000000000000000000
768,0.00003444868000000000,0.00000026990000000000,0.000095394450,0.000034448680,0.000000000000,0.00007372900000000000,0.00002909900000000000,0.00000000000000000000
769,0.00003214816000000000,0.00000025520000000000,0.000089023900,0.000032148160,0.000000000000,0.00006896900000000000,0.00002723070000000000,0.00000000000000000000
770,0.00003000000000000000,0.00000024130000000000,0.000083075270,0.000030000000,0.000000000000,0.00006452580000000000,0.00002548600000000000,0.00000000000000000000
771,0.00002799125000000000,0.00000022820000000000,0.000077512690,0.000027991250,0.000000000000,0.00006037600000000000,0.00002385610000000000,0.00000000000000000000
772,0.00002611356000000000,0.00000021590000000000,0.000072313040,0.000026113560,0.000000000000,0.00005650000000000000,0.00002233320000000000,0.00000000000000000000
773,0.00002436024000000000,0.00000020420000000000,0.000067457780,0.000024360240,0.000000000000,0.00005288000000000000,0.00002091040000000000,0.00000000000000000000
774,0.00002272461000000000,0.00000019320000000000,0.000062928440,0.000022724610,0.000000000000,0.00004949800000000000,0.00001958080000000000,0.00000000000000000000
775,0.00002120000000000000,0.00000018290000000000,0.000058706520,0.000021200000,0.000000000000,0.00004633900000000000,0.00001833840000000000,0.00000000000000000000
776,0.00001977855000000000,0.00000017310000000000,0.000054770280,0.000019778550,0.000000000000,0.00004338900000000000,0.00001717770000000000,0.00000000000000000000
777,0.00001845285000000000,0.00000016380000000000,0.000051099180,0.000018452850,0.000000000000,0.00004063400000000000,0.00001609340000000000,0.00000000000000000000
778,0.00001721687000000000,0.00000015510000000000,0.000047676540,0.000017216870,0.000000000000,0.00003806000000000000,0.00001508000000000000,0.00000000000000000000
779,0.00001606459000000000,0.00000014680000000000,0.000044485670,0.000016064590,0.000000000000,0.00003565700000000000,0.00001413360000000000,0.00000000000000000000
780,0.00001499000000000000,0.00000013900000000000,0.000041509940,0.000014990000,0.000000000000,0.00003341170000000000,0.00001324900000000000,0.00000000000000000000
781,0.00001398728000000000,0.00000000000000000000,0.000038733240,0.000013987280,0.000000000000,0.00003131500000000000,0.00001242260000000000,0.00000000000000000000
782,0.00001305155000000000,0.00000000000000000000,0.000036142030,0.000013051550,0.000000000000,0.00002935500000000000,0.00001164990000000000,0.00000000000000000000
783,0.00001217818000000000,0.00000000000000000000,0.000033723520,0.000012178180,0.000000000000,0.00002752400000000000,0.00001092770000000000,0.00000000000000000000
784,0.00001136254000000000,0.00000000000000000000,0.000031464870,0.000011362540,0.000000000000,0.00002581100000000000,0.00001025190000000000,0.00000000000000000000
785,0.00001060000000000000,0.00000000000000000000,0.000029353260,0.000010600000,0.000000000000,0.00002420900000000000,0.00000961960000000000,0.00000000000000000000
786,0.00000988587700000000,0.00000000000000000000,0.000027375730,0.000009885877,0.000000000000,0.00002271100000000000,0.00000902810000000000,0.00000000000000000000
787,0.00000921730400000000,0.00000000000000000000,0.000025524330,0.000009217304,0.000000000000,0.00002130800000000000,0.00000847400000000000,0.00000000000000000000
788,0.00000859236200000000,0.00000000000000000000,0.000023793760,0.000008592362,0.000000000000,0.00001999400000000000,0.00000795480000000000,0.00000000000000000000
789,0.00000800913300000000,0.00000000000000000000,0.000022178700,0.000008009133,0.000000000000,0.00001876400000000000,0.00000746860000000000,0.00000000000000000000
790,0.00000746570000000000,0.00000000000000000000,0.000020673830,0.000007465700,0.000000000000,0.00001761150000000000,0.00000701280000000000,0.00000000000000000000
791,0.00000695956700000000,0.00000000000000000000,0.000019272260,0.000006959567,0.000000000000,0.00001653200000000000,0.00000658580000000000,0.00000000000000000000
792,0.00000648799500000000,0.00000000000000000000,0.000017966400,0.000006487995,0.000000000000,0.00001552100000000000,0.00000618570000000000,0.00000000000000000000
793,0.00000604869900000000,0.00000000000000000000,0.000016749910,0.000006048699,0.000000000000,0.00001457400000000000,0.00000581070000000000,0.00000000000000000000
794,0.00000563939600000000,0.00000000000000000000,0.000015616480,0.000005639396,0.000000000000,0.00001368600000000000,0.00000545900000000000,0.00000000000000000000
795,0.00000525780000000000,0.00000000000000000000,0.000014559770,0.000005257800,0.000000000000,0.00001285500000000000,0.00000512980000000000,0.00000000000000000000
796,0.00000490177100000000,0.00000000000000000000,0.000013573870,0.000004901771,0.000000000000,0.00001207500000000000,0.00000482060000000000,0.00000000000000000000
797,0.00000456972000000000,0.00000000000000000000,0.000012654360,0.000004569720,0.000000000000,0.00001134500000000000,0.00000453120000000000,0.00000000000000000000
798,0.00000426019400000000,0.00000000000000000000,0.000011797230,0.000004260194,0.000000000000,0.00001065900000000000,0.00000425910000000000,0.00000000000000000000
799,0.00000397173900000000,0.00000000000000000000,0.000010998440,0.000003971739,0.000000000000,0.00001001700000000000,0.00000400420000000000,0.00000000000000000000
800,0.00000370290000000000,0.00000000000000000000,0.000010253980,0.000003702900,0.000000000000,0.00000941363000000000,0.00000376473000000000,0.00000000000000000000
801,0.00000345216300000000,0.00000000000000000000,0.000009559646,0.000003452163,0.000000000000,0.00000884790000000000,0.00000353995000000000,0.00000000000000000000
802,0.00000321830200000000,0.00000000000000000000,0.000008912044,0.000003218302,0.000000000000,0.00000831710000000000,0.00000332914000000000,0.00000000000000000000
803,0.00000300030000000000,0.00000000000000000000,0.000008308358,0.000003000300,0.000000000000,0.00000781900000000000,0.00000313115000000000,0.00000000000000000000
804,0.00000279713900000000,0.00000000000000000000,0.000007745769,0.000002797139,0.000000000000,0.00000735160000000000,0.00000294529000000000,0.00000000000000000000
805,0.00000260780000000000,0.00000000000000000000,0.000007221456,0.000002607800,0.000000000000,0.00000691300000000000,0.00000277081000000000,0.00000000000000000000
806,0.00000243122000000000,0.00000000000000000000,0.000006732475,0.000002431220,0.000000000000,0.00000650150000000000,0.00000260705000000000,0.00000000000000000000
807,0.00000226653100000000,0.00000000000000000000,0.000006276423,0.000002266531,0.000000000000,0.00000611530000000000,0.00000245329000000000,0.00000000000000000000
808,0.00000211301300000000,0.00000000000000000000,0.000005851304,0.000002113013,0.000000000000,0.00000575290000000000,0.00000230894000000000,0.00000000000000000000
809,0.00000196994300000000,0.00000000000000000000,0.000005455118,0.000001969943,0.000000000000,0.00000541270000000000,0.00000217338000000000,0.00000000000000000000
810,0.00000183660000000000,0.00000000000000000000,0.000005085868,0.000001836600,0.000000000000,0.00000509347000000000,0.00000204613000000000,0.00000000000000000000
811,0.00000171223000000000,0.00000000000000000000,0.000004741466,0.000001712230,0.000000000000,0.00000479380000000000,0.00000192662000000000,0.00000000000000000000
812,0.00000159622800000000,0.00000000000000000000,0.000004420236,0.000001596228,0.000000000000,0.00000451250000000000,0.00000181440000000000,0.00000000000000000000
813,0.00000148809000000000,0.00000000000000000000,0.000004120783,0.000001488090,0.000000000000,0.00000424830000000000,0.00000170895000000000,0.00000000000000000000
814,0.00000138731400000000,0.00000000000000000000,0.000003841716,0.000001387314,0.000000000000,0.00000400020000000000,0.00000160988000000000,0.00000000000000000000
815,0.00000129340000000000,0.00000000000000000000,0.000003581652,0.000001293400,0.000000000000,0.00000376710000000000,0.00000151677000000000,0.00000000000000000000
816,0.00000120582000000000,0.00000000000000000000,0.000003339127,0.000001205820,0.000000000000,0.00000354800000000000,0.00000142921000000000,0.00000000000000000000
817,0.00000112414300000000,0.00000000000000000000,0.000003112949,0.000001124143,0.000000000000,0.00000334210000000000,0.00000134686000000000,0.00000000000000000000
818,0.00000104800900000000,0.00000000000000000000,0.000002902121,0.000001048009,0.000000000000,0.00000314850000000000,0.00000126945000000000,0.00000000000000000000
819,0.00000097705780000000,0.00000000000000000000,0.000002705645,0.000000977058,0.000000000000,0.00000296650000000000,0.00000119662000000000,0.00000000000000000000
820,0.00000091093000000000,0.00000000000000000000,0.000002522525,0.000000910930,0.000000000000,0.00000279531000000000,0.00000112809000000000,0.00000000000000000000
821,0.00000084925130000000,0.00000000000000000000,0.000002351726,0.000000849251,0.000000000000,0.00000263450000000000,0.00000106368000000000,0.00000000000000000000
822,0.00000079172120000000,0.00000000000000000000,0.000002192415,0.000000791721,0.000000000000,0.00000248340000000000,0.00000100313000000000,0.00000000000000000000
823,0.00000073809040000000,0.00000000000000000000,0.000002043902,0.000000738090,0.000000000000,0.00000234140000000000,0.00000094622000000000,0.00000000000000000000
824,0.00000068810980000000,0.00000000000000000000,0.000001905497,0.000000688110,0.000000000000,0.00000220780000000000,0.00000089263000000000,0.00000000000000000000
825,0.00000064153000000000,0.00000000000000000000,0.000001776509,0.000000641530,0.000000000000,0.00000208200000000000,0.00000084216000000000,0.00000000000000000000
826,0.00000059808950000000,0.00000000000000000000,0.000001656215,0.000000598090,0.000000000000,0.00000196360000000000,0.00000079464000000000,0.00000000000000000000
827,0.00000055757460000000,0.00000000000000000000,0.000001544022,0.000000557575,0.000000000000,0.00000185190000000000,0.00000074978000000000,0.00000000000000000000
828,0.00000051980800000000,0.00000000000000000000,0.000001439440,0.000000519808,0.000000000000,0.00000174650000000000,0.00000070744000000000,0.00000000000000000000
829,0.00000048461230000000,0.00000000000000000000,0.000001341977,0.000000484612,0.000000000000,0.00000164710000000000,0.00000066748000000000,0.00000000000000000000
830,0.00000045181000000000,0.00000000000000000000,0.000001251141,0.000000451810,0.000000000000,0.00000155314000000000,0.00000062970000000000,0.00000000000000000000
